scenario,strategy,seed,exp_id,avg_waiting_s,avg_travel_time_s,throughput_veh,avg_queue_veh,max_queue_veh,avg_speed_mps,teleports,base_state,base_state_sha1,model_sha1,run_key
evening_peak,actuated,0,evening_peak__actuated__s0,59.61876396128071,99.7982129560685,1343.0,54.818888888888885,86.0,5.514218374196412,0.0,data\traffic_states\demo_001.json,73f107e7e250cdb7,,c8c26836d37dbd8c
evening_peak,actuated,1,evening_peak__actuated__s1,57.16531365313653,97.69446494464944,1355.0,51.163333333333334,81.0,5.481873160336334,0.0,data\traffic_states\demo_001.json,73f107e7e250cdb7,,13b6edb0c22a88b9
evening_peak,actuated,2,evening_peak__actuated__s2,58.06856309263311,98.91174325309993,1371.0,53.80833333333333,84.0,5.462874865191908,0.0,data\traffic_states\demo_001.json,73f107e7e250cdb7,,6e93da3f2f265418
evening_peak,dqn,0,evening_peak__dqn__s0,32.78450184501845,104.09446494464945,1355.0,25.122222222222224,53.0,3.746560586615182,0.0,data\traffic_states\demo_001.json,73f107e7e250cdb7,ad4cff2c837fa927,aaca3283a0bc805f
evening_peak,dqn,1,evening_peak__dqn__s1,32.59445660102115,102.07148067104303,1371.0,25.33222222222222,59.0,3.8202826219773667,0.0,data\traffic_states\demo_001.json,73f107e7e250cdb7,ad4cff2c837fa927,e0788419f284179e
evening_peak,dqn,2,evening_peak__dqn__s2,34.92221391174271,108.0478683620045,1337.0,26.200555555555557,69.0,3.5653626601845345,0.0,data\traffic_states\demo_001.json,73f107e7e250cdb7,ad4cff2c837fa927,96ade0f131749761
evening_peak,fixed,0,evening_peak__fixed__s0,55.31892697466468,101.69821162444113,1342.0,46.172222222222224,78.0,4.788694627945217,0.0,data\traffic_states\demo_001.json,73f107e7e250cdb7,,0a297fab259b51e4
evening_peak,fixed,1,evening_peak__fixed__s1,56.19615099925981,102.50629163582532,1351.0,47.92611111111111,78.0,4.6931401799247725,0.0,data\traffic_states\demo_001.json,73f107e7e250cdb7,,3bfb490847082716
evening_peak,fixed,2,evening_peak__fixed__s2,59.16579925650558,106.33903345724907,1345.0,48.58888888888889,83.0,4.621686005197215,0.0,data\traffic_states\demo_001.json,73f107e7e250cdb7,,9de24183da1897ae
evening_peak,ppo,0,evening_peak__ppo__s0,33.76842105263158,107.56917293233083,1330.0,25.45388888888889,46.0,3.5060021124814704,0.0,data\traffic_states\demo_001.json,73f107e7e250cdb7,1fbe8b47997f4b74,79e6b44e135b0fd9
evening_peak,ppo,1,evening_peak__ppo__s1,32.732223903177,107.27987897125567,1322.0,24.565555555555555,39.0,3.715175169180513,0.0,data\traffic_states\demo_001.json,73f107e7e250cdb7,1fbe8b47997f4b74,b5c85ab7bf9d8caa
evening_peak,ppo,2,evening_peak__ppo__s2,32.196574832464634,105.09977661950856,1343.0,24.358333333333334,43.0,3.7896314404220517,0.0,data\traffic_states\demo_001.json,73f107e7e250cdb7,1fbe8b47997f4b74,94b3bfa42e744052
event_surge,actuated,0,event_surge__actuated__s0,52.70311368573498,92.77480086893556,1381.0,49.935,80.0,5.540044968886257,0.0,data\traffic_states\demo_001.json,73f107e7e250cdb7,,59aec39e0da5e040
event_surge,actuated,1,event_surge__actuated__s1,53.67587209302326,93.47892441860465,1376.0,49.85666666666667,78.0,5.515165035948794,0.0,data\traffic_states\demo_001.json,73f107e7e250cdb7,,bfd114aa73cb3aba
event_surge,actuated,2,event_surge__actuated__s2,55.47333820306793,95.3126369612856,1369.0,50.76444444444444,81.0,5.593800375980721,0.0,data\traffic_states\demo_001.json,73f107e7e250cdb7,,0eece78f5707b812
event_surge,dqn,0,event_surge__dqn__s0,39.62079749804535,125.52462861610633,1279.0,28.95777777777778,48.0,3.2674924164033254,0.0,data\traffic_states\demo_001.json,73f107e7e250cdb7,ad4cff2c837fa927,557722d16301a1af
event_surge,dqn,1,event_surge__dqn__s1,38.90243902439025,126.54760031471282,1271.0,28.301111111111112,47.0,3.307131650562606,0.0,data\traffic_states\demo_001.json,73f107e7e250cdb7,ad4cff2c837fa927,714893eef6f1ce66
event_surge,dqn,2,event_surge__dqn__s2,40.55981235340109,126.72087568412823,1279.0,29.566666666666666,50.0,3.288890445310355,0.0,data\traffic_states\demo_001.json,73f107e7e250cdb7,ad4cff2c837fa927,58d5856b5c5caafd
event_surge,fixed,0,event_surge__fixed__s0,62.15505617977528,111.82397003745318,1335.0,51.53722222222222,81.0,4.063420296102359,0.0,data\traffic_states\demo_001.json,73f107e7e250cdb7,,e38eff7c7c6c6ff1
event_surge,fixed,1,event_surge__fixed__s1,59.83038348082596,109.17477876106194,1356.0,50.11222222222222,78.0,4.185658098450934,0.0,data\traffic_states\demo_001.json,73f107e7e250cdb7,,a0b04f252f2e62e6
event_surge,fixed,2,event_surge__fixed__s2,60.072886297376094,109.7201166180758,1372.0,50.74944444444444,82.0,4.152876585026619,0.0,data\traffic_states\demo_001.json,73f107e7e250cdb7,,cbe97ec4ce35a05d
event_surge,ppo,0,event_surge__ppo__s0,40.55404323458767,129.41473178542833,1249.0,28.897222222222222,46.0,3.2281793442801767,0.0,data\traffic_states\demo_001.json,73f107e7e250cdb7,1fbe8b47997f4b74,f218afdd810fece3
event_surge,ppo,1,event_surge__ppo__s1,40.07857142857143,128.41825396825396,1260.0,28.720555555555556,48.0,3.3012021931565325,0.0,data\traffic_states\demo_001.json,73f107e7e250cdb7,1fbe8b47997f4b74,ece7a423b05d01ed
event_surge,ppo,2,event_surge__ppo__s2,39.62204724409449,127.24094488188976,1270.0,28.712222222222223,45.0,3.2447932851335315,0.0,data\traffic_states\demo_001.json,73f107e7e250cdb7,1fbe8b47997f4b74,1deb278dea9e8e4c
lane_closure,actuated,0,lane_closure__actuated__s0,32.98557692307692,74.46794871794872,1248.0,24.371666666666666,46.0,7.630335248714318,0.0,data\traffic_states\demo_001.json,73f107e7e250cdb7,,2206af3d9575d33b
lane_closure,actuated,1,lane_closure__actuated__s1,34.143775100401605,74.4417670682731,1245.0,25.269444444444446,49.0,7.8256516029046335,0.0,data\traffic_states\demo_001.json,73f107e7e250cdb7,,d2df70dace342eea
lane_closure,actuated,2,lane_closure__actuated__s2,31.78993610223642,72.81629392971246,1252.0,24.364444444444445,45.0,7.500746006802228,0.0,data\traffic_states\demo_001.json,73f107e7e250cdb7,,0a78400f10d6128a
lane_closure,dqn,0,lane_closure__dqn__s0,29.076521739130435,97.89217391304348,1150.0,18.863888888888887,40.0,4.081854385017622,0.0,data\traffic_states\demo_001.json,73f107e7e250cdb7,ad4cff2c837fa927,dcb8ef1eb09b7fc6
lane_closure,dqn,1,lane_closure__dqn__s1,28.826839826839826,97.83376623376624,1155.0,18.610555555555557,42.0,4.173319924503101,0.0,data\traffic_states\demo_001.json,73f107e7e250cdb7,ad4cff2c837fa927,154a159fa7a77f1f
lane_closure,dqn,2,lane_closure__dqn__s2,29.096605744125327,97.72584856396867,1149.0,19.06833333333333,41.0,4.089267971761398,0.0,data\traffic_states\demo_001.json,73f107e7e250cdb7,ad4cff2c837fa927,6d83903db5df6869
lane_closure,fixed,0,lane_closure__fixed__s0,60.16391752577319,107.48350515463918,970.0,36.59777777777778,66.0,4.67264759250047,0.0,data\traffic_states\demo_001.json,73f107e7e250cdb7,,775de4a7fb21d3aa
lane_closure,fixed,1,lane_closure__fixed__s1,58.93619246861925,106.47384937238493,956.0,36.56055555555555,66.0,4.733025010474915,0.0,data\traffic_states\demo_001.json,73f107e7e250cdb7,,f2e8612da4297dc6
lane_closure,fixed,2,lane_closure__fixed__s2,60.592901878914404,109.0741127348643,958.0,36.53722222222222,66.0,4.653722896612966,0.0,data\traffic_states\demo_001.json,73f107e7e250cdb7,,1e7879634ade455d
lane_closure,ppo,0,lane_closure__ppo__s0,28.490582959641255,100.52645739910314,1115.0,17.934444444444445,38.0,3.9075589548189975,0.0,data\traffic_states\demo_001.json,73f107e7e250cdb7,1fbe8b47997f4b74,d9151abb0d0bcaed
lane_closure,ppo,1,lane_closure__ppo__s1,29.24551971326165,101.26433691756273,1116.0,18.28611111111111,40.0,3.8998669105052945,0.0,data\traffic_states\demo_001.json,73f107e7e250cdb7,1fbe8b47997f4b74,cbfb98443d04c5f4
lane_closure,ppo,2,lane_closure__ppo__s2,29.401268115942027,101.79257246376811,1104.0,18.217777777777776,42.0,3.918537745955581,0.0,data\traffic_states\demo_001.json,73f107e7e250cdb7,1fbe8b47997f4b74,a898d8f0e0b99fc7
morning_peak,actuated,0,morning_peak__actuated__s0,44.448763250883395,85.6148409893993,1415.0,40.70666666666666,73.0,5.741896285205411,0.0,data\traffic_states\demo_001.json,73f107e7e250cdb7,,a26a3693a860a96b
morning_peak,actuated,1,morning_peak__actuated__s1,43.0645390070922,84.20780141843971,1410.0,40.04055555555556,72.0,5.731517059627845,0.0,data\traffic_states\demo_001.json,73f107e7e250cdb7,,1e12f1fb51615082
morning_peak,actuated,2,morning_peak__actuated__s2,47.67448680351906,88.30938416422288,1364.0,42.08611111111111,72.0,5.681193611729848,0.0,data\traffic_states\demo_001.json,73f107e7e250cdb7,,3b331c62c930493e
morning_peak,dqn,0,morning_peak__dqn__s0,27.09234234234234,93.4421921921922,1332.0,20.11611111111111,40.0,4.381533411640792,0.0,data\traffic_states\demo_001.json,73f107e7e250cdb7,ad4cff2c837fa927,473b348590b09f3c
morning_peak,dqn,1,morning_peak__dqn__s1,26.122859270290395,91.37379002233804,1343.0,19.93,38.0,4.472515589376193,0.0,data\traffic_states\demo_001.json,73f107e7e250cdb7,ad4cff2c837fa927,dccadc5f552a174e
morning_peak,dqn,2,morning_peak__dqn__s2,26.692077727952167,91.40582959641256,1338.0,20.279444444444444,40.0,4.490421801213226,0.0,data\traffic_states\demo_001.json,73f107e7e250cdb7,ad4cff2c837fa927,96d326c2eb8e486c
morning_peak,fixed,0,morning_peak__fixed__s0,50.44370308590492,94.65304420350292,1199.0,38.80888888888889,68.0,5.215199638746935,0.0,data\traffic_states\demo_001.json,73f107e7e250cdb7,,abf239c709bfec73
morning_peak,fixed,1,morning_peak__fixed__s1,51.6750208855472,96.64745196324144,1197.0,38.303333333333335,67.0,5.278801184187824,0.0,data\traffic_states\demo_001.json,73f107e7e250cdb7,,83db11f4180ff209
morning_peak,fixed,2,morning_peak__fixed__s2,50.51599326599327,94.80555555555556,1188.0,38.132222222222225,67.0,5.261981657932043,0.0,data\traffic_states\demo_001.json,73f107e7e250cdb7,,f2ababa48756df51
morning_peak,ppo,0,morning_peak__ppo__s0,24.7973174366617,90.81967213114754,1342.0,18.759444444444444,36.0,4.548661356339146,0.0,data\traffic_states\demo_001.json,73f107e7e250cdb7,1fbe8b47997f4b74,292b786c884de833
morning_peak,ppo,1,morning_peak__ppo__s1,26.5609756097561,93.0594512195122,1312.0,19.501666666666665,40.0,4.543302138543402,0.0,data\traffic_states\demo_001.json,73f107e7e250cdb7,1fbe8b47997f4b74,57cb73fc27446e7e
morning_peak,ppo,2,morning_peak__ppo__s2,26.119029567854437,92.59287338893101,1319.0,19.315,37.0,4.490662059710987,0.0,data\traffic_states\demo_001.json,73f107e7e250cdb7,1fbe8b47997f4b74,f81c7cfd3136449f
normal,actuated,0,normal__actuated__s0,36.47612259444048,76.70420527441198,1403.0,32.97222222222222,63.0,6.553903060687566,0.0,data\traffic_states\demo_001.json,73f107e7e250cdb7,,48c35a38c25d7aad
normal,actuated,1,normal__actuated__s1,41.96895306859206,83.12707581227437,1385.0,36.227222222222224,63.0,6.154428746238129,0.0,data\traffic_states\demo_001.json,73f107e7e250cdb7,,443f1a527d175973
normal,actuated,2,normal__actuated__s2,42.94835007173601,84.19081779053084,1394.0,35.99444444444445,64.0,6.086204640663147,0.0,data\traffic_states\demo_001.json,73f107e7e250cdb7,,3b62039b058f115f
normal,dqn,0,normal__dqn__s0,26.673484848484847,92.97651515151514,1320.0,19.716666666666665,38.0,4.364787261123944,0.0,data\traffic_states\demo_001.json,73f107e7e250cdb7,ad4cff2c837fa927,36a1b9c785d5238f
normal,dqn,1,normal__dqn__s1,26.74527588813303,92.53212396069539,1323.0,19.834444444444443,38.0,4.428851173221466,0.0,data\traffic_states\demo_001.json,73f107e7e250cdb7,ad4cff2c837fa927,f013ef562bea26c8
normal,dqn,2,normal__dqn__s2,27.712962962962962,94.16975308641975,1296.0,20.06222222222222,39.0,4.414341259169083,0.0,data\traffic_states\demo_001.json,73f107e7e250cdb7,ad4cff2c837fa927,72bc0cbeaa074549
normal,fixed,0,normal__fixed__s0,52.30113141862489,97.30722367275892,1149.0,38.181111111111115,66.0,5.193266062626875,0.0,data\traffic_states\demo_001.json,73f107e7e250cdb7,,de96ef08f847fd66
normal,fixed,1,normal__fixed__s1,53.71810344827586,98.48103448275862,1160.0,38.24388888888889,69.0,5.1961415009421295,0.0,data\traffic_states\demo_001.json,73f107e7e250cdb7,,36ccec0598b61aa6
normal,fixed,2,normal__fixed__s2,52.59931798806479,97.71611253196932,1173.0,37.60111111111111,67.0,5.131502795987884,0.0,data\traffic_states\demo_001.json,73f107e7e250cdb7,,a149362f2794419b
normal,ppo,0,normal__ppo__s0,26.49611197511664,93.86858475894246,1286.0,19.033333333333335,37.0,4.4121256231314,0.0,data\traffic_states\demo_001.json,73f107e7e250cdb7,1fbe8b47997f4b74,9ddeb219ce16b706
normal,ppo,1,normal__ppo__s1,25.816295157571098,92.01921598770177,1301.0,18.88,40.0,4.518833778168839,0.0,data\traffic_states\demo_001.json,73f107e7e250cdb7,1fbe8b47997f4b74,b70dae6cdc4cb7c2
normal,ppo,2,normal__ppo__s2,28.326383319967924,96.48516439454691,1247.0,19.909444444444443,39.0,4.35794851430533,0.0,data\traffic_states\demo_001.json,73f107e7e250cdb7,1fbe8b47997f4b74,df05e8457c11b34a
