t,queue_north,queue_south,queue_east,queue_west,queue_total,waiting_total,running_veh,phase
1,0,0,0,0,0,0.0,8,0
2,0,0,0,0,0,0.0,16,0
3,0,0,0,0,0,0.0,17,0
4,0,0,0,0,0,0.0,24,0
5,0,0,0,0,0,0.0,25,0
6,0,0,0,0,0,0.0,32,0
7,0,0,0,0,0,0.0,33,0
8,0,0,0,0,0,0.0,38,0
9,0,0,0,0,0,0.0,41,0
10,0,0,0,0,0,0.0,42,0
11,0,0,0,0,0,0.0,45,0
12,0,0,0,0,0,0.0,46,0
13,0,0,2,0,2,2.0,48,0
14,0,0,0,0,0,0.0,50,0
15,0,1,0,0,1,1.0,51,0
16,1,2,0,0,3,4.0,53,0
17,3,2,0,0,5,9.0,54,0
18,3,3,0,0,6,15.0,55,0
19,4,4,0,0,8,23.0,57,0
20,6,4,0,1,11,34.0,61,0
21,8,6,0,1,15,49.0,61,0
22,8,7,1,1,17,64.0,65,0
23,9,9,1,1,20,83.0,65,0
24,7,8,2,1,18,68.0,64,0
25,7,7,3,1,18,60.0,66,0
26,7,6,4,1,18,56.0,66,0
27,5,5,5,3,18,54.0,67,0
28,5,5,6,4,20,55.0,69,0
29,5,4,6,4,19,64.0,70,0
30,5,3,6,4,18,69.0,72,0
31,5,3,6,6,20,81.0,70,0
32,3,3,6,7,19,89.0,70,0
33,3,3,6,7,19,101.0,70,0
34,4,4,4,5,17,71.0,70,0
35,4,2,3,3,12,44.0,70,0
36,5,3,1,1,10,23.0,70,0
37,7,5,0,0,12,28.0,70,0
38,8,6,0,0,14,42.0,71,0
39,9,9,0,0,18,60.0,71,0
40,10,8,0,0,18,77.0,71,0
41,12,9,1,0,22,99.0,70,0
42,13,11,2,0,26,125.0,70,0
43,14,13,2,1,30,155.0,70,0
44,14,12,2,1,29,142.0,69,0
45,12,11,1,2,26,129.0,68,0
46,12,10,2,3,27,121.0,71,0
47,12,9,2,3,26,123.0,72,0
48,11,10,2,3,26,115.0,71,0
49,11,11,3,3,28,110.0,71,0
50,10,8,4,3,25,107.0,72,0
51,10,9,4,3,26,112.0,70,0
52,8,6,4,4,22,105.0,69,0
53,7,7,4,4,22,109.0,69,0
54,6,7,4,4,21,115.0,68,0
55,4,6,4,4,18,111.0,68,0
56,2,7,5,4,18,109.0,68,0
57,0,7,5,4,16,108.0,71,0
58,0,8,5,4,17,120.0,71,0
59,0,6,3,2,11,67.0,70,0
60,1,7,1,0,9,25.0,69,0
61,2,7,1,1,11,28.0,69,0
62,3,9,1,1,14,42.0,68,0
63,4,8,2,2,16,50.0,67,0
64,6,8,2,1,17,58.0,67,0
65,7,8,1,0,16,62.0,67,0
66,7,8,0,1,16,69.0,67,0
67,11,10,0,1,22,86.0,66,0
68,11,10,0,1,22,103.0,67,0
69,9,9,0,1,19,87.0,66,0
70,10,9,0,2,21,80.0,69,0
71,8,8,0,2,18,72.0,69,0
72,8,9,1,3,21,71.0,68,0
73,8,9,2,3,22,79.0,68,0
74,8,9,2,4,23,89.0,68,0
75,9,7,2,4,22,90.0,69,0
76,9,5,3,4,21,84.0,72,0
77,6,6,3,4,19,85.0,71,0
78,5,7,3,4,19,92.0,71,0
79,4,7,3,4,18,92.0,70,0
80,4,7,3,4,18,102.0,69,0
81,3,6,3,4,16,106.0,68,0
82,1,5,3,4,13,106.0,68,0
83,0,4,3,4,11,107.0,66,0
84,0,3,3,4,10,110.0,66,0
85,0,2,3,4,9,112.0,66,0
86,0,1,3,4,8,113.0,65,0
87,0,0,4,5,9,115.0,65,0
88,1,0,4,5,10,125.0,67,0
89,2,0,2,3,7,59.0,68,0
90,3,1,0,1,5,11.0,67,0
91,4,2,0,0,6,13.0,69,0
92,5,3,0,0,8,21.0,68,0
93,6,4,0,0,10,31.0,68,0
94,7,6,0,0,13,44.0,70,0
95,8,7,0,0,15,59.0,70,0
96,9,8,0,0,17,76.0,70,0
97,11,9,0,0,20,96.0,71,0
98,12,11,0,0,23,119.0,71,0
99,12,10,0,0,22,104.0,70,0
100,11,9,0,1,21,91.0,71,0
101,10,9,0,1,20,79.0,73,0
102,10,7,0,2,19,71.0,72,0
103,9,7,1,2,19,65.0,72,0
104,11,6,2,2,21,61.0,72,0
105,10,6,2,2,20,66.0,71,0
106,9,5,2,2,18,63.0,71,0
107,7,5,3,3,18,60.0,69,0
108,10,5,3,3,21,73.0,68,0
109,10,4,3,3,20,76.0,65,0
110,9,2,3,3,17,78.0,65,0
111,9,4,3,3,19,93.0,65,0
112,9,2,3,3,17,84.0,65,0
113,8,3,3,3,17,92.0,67,0
114,7,4,1,1,13,47.0,67,0
115,7,3,0,0,10,28.0,66,0
116,7,2,0,0,9,26.0,66,0
117,9,6,0,0,15,34.0,67,0
118,9,7,0,0,16,46.0,67,0
119,9,6,0,0,15,56.0,65,0
120,11,8,0,0,19,71.0,65,0
121,12,10,0,0,22,89.0,63,0
122,13,11,0,0,24,113.0,65,0
123,13,12,0,0,25,135.0,64,0
124,12,11,0,0,23,116.0,64,0
125,11,11,1,1,24,106.0,66,0
126,11,10,1,2,24,96.0,68,0
127,8,8,1,2,19,85.0,68,0
128,9,8,1,2,20,76.0,68,0
129,8,9,2,2,21,71.0,67,0
130,7,8,2,2,19,72.0,67,0
131,6,9,2,2,19,69.0,70,0
132,7,9,2,2,20,76.0,69,0
133,5,8,2,2,17,71.0,69,0
134,5,7,2,2,16,68.0,69,0
135,5,7,2,2,16,67.0,68,0
136,3,9,2,2,16,74.0,68,0
137,3,7,2,2,14,73.0,67,0
138,4,7,2,2,15,79.0,67,0
139,3,6,2,2,13,80.0,66,0
140,3,6,2,2,13,86.0,66,0
141,3,5,2,2,12,90.0,65,0
142,5,4,2,2,13,94.0,64,0
143,6,4,2,2,14,96.0,64,0
144,5,4,0,0,9,24.0,63,0
145,4,4,0,0,8,22.0,62,0
146,3,6,0,0,9,23.0,64,0
147,5,7,0,0,12,27.0,64,0
148,5,9,0,0,14,36.0,64,0
149,7,11,0,0,18,53.0,63,0
150,8,13,0,0,21,70.0,65,0
151,9,14,0,0,23,88.0,64,0
152,10,15,0,0,25,108.0,64,0
153,14,15,0,0,29,135.0,67,0
154,12,15,0,0,27,122.0,67,0
155,10,15,0,0,25,112.0,67,0
156,8,12,0,0,20,97.0,68,0
157,8,12,0,0,20,87.0,68,0
158,7,10,0,0,17,75.0,68,0
159,5,12,0,0,17,66.0,69,0
160,5,9,0,0,14,54.0,70,0
161,4,11,0,0,15,53.0,70,0
162,6,9,0,0,15,47.0,69,0
163,4,11,1,0,16,45.0,67,0
164,5,10,1,1,17,48.0,67,0
165,6,10,1,1,18,56.0,65,0
166,6,9,1,1,17,56.0,65,0
167,6,11,1,1,19,63.0,65,0
168,7,9,1,1,18,66.0,64,0
169,6,8,0,0,14,55.0,67,0
170,5,9,0,0,14,53.0,69,0
171,6,9,0,0,15,50.0,68,0
172,7,8,0,0,15,52.0,67,0
173,7,7,0,0,14,56.0,67,0
174,8,7,0,0,15,61.0,66,0
175,10,8,0,0,18,70.0,71,0
176,11,10,0,0,21,84.0,70,0
177,12,14,0,0,26,109.0,71,0
178,13,12,0,0,25,125.0,71,0
179,14,11,0,0,25,109.0,71,0
180,12,11,0,0,23,94.0,71,0
181,12,9,0,0,21,82.0,72,0
182,12,11,1,1,25,81.0,72,0
183,11,8,3,1,23,74.0,73,0
184,9,6,3,3,21,75.0,72,0
185,10,6,3,3,22,73.0,72,0
186,10,4,3,3,20,70.0,71,0
187,10,3,3,4,20,70.0,73,0
188,9,5,3,3,20,76.0,73,0
189,8,4,1,1,14,42.0,74,0
190,8,5,1,0,14,37.0,74,0
191,5,5,0,0,10,32.0,74,0
192,4,6,0,0,10,31.0,74,0
193,4,8,0,0,12,32.0,72,0
194,5,8,0,0,13,42.0,72,0
195,7,10,0,0,17,58.0,71,0
196,9,10,0,0,19,74.0,69,0
197,10,11,0,0,21,94.0,72,0
198,9,12,0,0,21,113.0,70,0
199,8,11,0,1,20,96.0,70,0
200,9,12,1,1,23,88.0,70,0
201,7,11,3,1,22,80.0,70,0
202,6,9,3,2,20,72.0,71,0
203,6,10,3,2,21,68.0,73,0
204,6,9,3,2,20,69.0,73,0
205,7,8,3,2,20,69.0,73,0
206,5,7,3,2,17,70.0,72,0
207,6,8,3,2,19,76.0,71,0
208,5,9,3,2,19,77.0,71,0
209,3,8,3,2,16,76.0,69,0
210,4,7,3,2,16,78.0,69,0
211,4,7,3,2,16,83.0,68,0
212,4,9,3,2,18,93.0,67,0
213,2,9,3,2,16,96.0,67,0
214,3,9,1,0,13,46.0,66,0
215,3,8,0,0,11,41.0,65,0
216,4,9,0,0,13,50.0,66,0
217,4,9,0,0,13,60.0,65,0
218,6,10,0,0,16,76.0,65,0
219,8,10,1,0,19,95.0,64,0
220,8,13,1,1,23,118.0,62,0
221,11,15,1,1,28,145.0,66,0
222,12,15,1,1,29,174.0,66,0
223,12,17,1,1,31,204.0,65,0
224,12,16,1,1,30,184.0,69,0
225,12,16,1,1,30,172.0,69,0
226,12,16,1,1,30,163.0,70,0
227,11,15,1,1,28,155.0,70,0
228,9,14,1,1,25,143.0,69,0
229,8,13,1,1,23,134.0,70,0
230,11,14,1,1,27,135.0,69,0
231,11,13,1,1,26,138.0,69,0
232,11,11,1,1,24,130.0,69,0
233,11,11,1,1,24,130.0,68,0
234,9,11,1,1,22,134.0,67,0
235,9,9,1,1,20,127.0,67,0
236,7,7,1,1,16,118.0,67,0
237,8,6,3,2,19,120.0,65,0
238,6,5,3,2,16,105.0,65,0
239,5,5,2,1,13,72.0,66,0
240,6,3,1,0,10,36.0,65,0
241,5,4,0,1,10,25.0,65,0
242,5,6,0,0,11,30.0,65,0
243,6,6,0,0,12,38.0,65,0
244,8,8,0,0,16,54.0,66,0
245,10,8,0,0,18,67.0,67,0
246,10,10,0,0,20,81.0,66,0
247,10,12,0,0,22,98.0,66,0
248,13,12,0,0,25,123.0,67,0
249,11,12,0,0,23,105.0,66,0
250,10,11,0,0,21,91.0,66,0
251,9,11,0,0,20,79.0,68,0
252,7,10,0,0,17,68.0,67,0
253,5,8,0,0,13,57.0,68,0
254,5,8,0,0,13,48.0,68,0
255,5,9,0,0,14,48.0,68,0
256,6,8,0,0,14,43.0,65,0
257,6,8,0,1,15,40.0,65,0
258,8,8,1,1,18,43.0,66,0
259,9,6,1,1,17,52.0,66,0
260,8,7,1,1,17,57.0,65,0
261,9,10,1,1,21,69.0,66,0
262,8,10,1,1,20,83.0,70,0
263,7,9,1,1,18,90.0,71,0
264,7,9,0,0,16,64.0,72,0
265,7,7,0,0,14,56.0,72,0
266,6,7,0,0,13,52.0,71,0
267,7,6,0,0,13,48.0,71,0
268,8,8,0,0,16,58.0,71,0
269,10,7,0,0,17,61.0,72,0
270,9,9,0,0,18,63.0,73,0
271,10,9,0,0,19,69.0,72,0
272,12,10,0,0,22,79.0,72,0
273,14,11,0,0,25,93.0,70,0
274,10,10,0,1,21,78.0,71,0
275,11,9,1,1,22,68.0,72,0
276,9,9,2,2,22,65.0,73,0
277,8,7,4,2,21,59.0,74,0
278,7,5,4,4,20,55.0,74,0
279,5,5,4,4,18,53.0,73,0
280,4,3,5,4,16,53.0,77,0
281,5,4,5,4,18,66.0,76,0
282,5,3,5,4,17,74.0,74,0
283,4,4,5,4,17,82.0,74,0
284,4,3,3,2,12,48.0,74,0
285,5,4,1,0,10,23.0,74,0
286,3,5,0,0,8,16.0,74,0
287,4,5,0,0,9,21.0,74,0
288,6,6,0,0,12,26.0,74,0
289,7,5,0,0,12,37.0,74,0
290,9,7,0,1,17,54.0,74,0
291,10,9,0,0,19,70.0,73,0
292,12,10,0,1,23,93.0,74,0
293,12,11,0,1,24,117.0,73,0
294,11,9,1,1,22,103.0,70,0
295,11,8,2,2,23,95.0,69,0
296,9,9,2,2,22,89.0,72,0
297,9,7,2,3,21,83.0,71,0
298,9,6,2,3,20,76.0,71,0
299,8,6,3,3,20,73.0,73,0
300,8,5,3,3,19,71.0,74,0
301,7,6,3,3,19,73.0,74,0
302,8,4,3,3,18,77.0,74,0
303,10,5,3,3,21,84.0,73,0
304,9,5,1,1,16,46.0,73,0
305,9,6,0,0,15,34.0,72,0
306,8,7,0,0,15,38.0,71,0
307,7,6,0,0,13,40.0,70,0
308,8,8,0,0,16,49.0,71,0
309,9,9,0,0,18,64.0,71,0
310,10,9,0,0,19,82.0,70,0
311,12,10,0,1,23,105.0,69,0
312,13,12,0,0,25,129.0,70,0
313,15,13,0,0,28,157.0,67,0
314,14,12,0,0,26,142.0,69,0
315,14,13,0,0,27,130.0,69,0
316,12,10,0,1,23,115.0,70,0
317,12,9,1,1,23,105.0,73,0
318,11,8,1,1,21,95.0,73,0
319,11,9,1,1,22,95.0,73,0
320,10,9,1,1,21,87.0,71,0
321,12,7,1,1,21,88.0,73,0
322,12,6,1,1,20,85.0,73,0
323,13,7,1,1,22,86.0,73,0
324,12,7,1,1,21,83.0,71,0
325,11,7,1,1,20,85.0,71,0
326,10,7,1,1,19,83.0,71,0
327,9,9,1,1,20,87.0,71,0
328,8,11,1,1,21,91.0,71,0
329,8,8,0,0,16,57.0,71,0
330,7,7,0,0,14,60.0,70,0
331,9,8,0,0,17,69.0,68,0
332,10,7,0,0,17,77.0,67,0
333,10,6,0,0,16,87.0,65,0
334,12,8,0,0,20,107.0,65,0
335,13,9,0,0,22,128.0,64,0
336,14,11,0,0,25,153.0,66,0
337,16,11,0,0,27,180.0,68,0
338,17,13,0,0,30,210.0,69,0
339,16,13,0,0,29,190.0,70,0
340,18,12,0,0,30,176.0,71,0
341,14,12,0,0,26,161.0,72,0
342,15,10,0,0,25,148.0,71,0
343,13,10,0,0,23,135.0,71,0
344,13,9,0,0,22,123.0,72,0
345,11,8,0,0,19,112.0,70,0
346,11,7,0,0,18,100.0,70,0
347,10,6,0,0,16,99.0,70,0
348,9,10,0,0,19,100.0,74,0
349,11,9,0,0,20,91.0,74,0
350,9,10,0,0,19,85.0,74,0
351,11,11,0,0,22,96.0,74,0
352,11,13,0,0,24,99.0,74,0
353,9,11,0,0,20,96.0,73,0
354,10,13,0,0,23,99.0,75,0
355,10,11,0,0,21,100.0,74,0
356,9,14,0,0,23,106.0,74,0
357,11,12,0,0,23,127.0,73,0
358,12,14,0,0,26,152.0,73,0
359,11,14,0,0,25,135.0,73,0
360,10,13,1,0,24,120.0,72,0
361,10,11,2,0,23,106.0,72,0
362,10,11,2,0,23,95.0,73,0
363,10,11,2,1,24,89.0,73,0
364,8,10,2,2,22,84.0,73,0
365,8,11,2,2,23,83.0,73,0
366,7,12,3,2,24,91.0,72,0
367,6,13,3,2,24,96.0,73,0
368,6,13,3,3,25,96.0,71,0
369,6,13,3,3,25,97.0,71,0
370,5,12,3,3,23,99.0,71,0
371,5,11,3,3,22,105.0,71,0
372,3,9,3,3,18,106.0,71,0
373,4,10,3,3,20,104.0,71,0
374,3,9,1,1,14,57.0,70,0
375,2,8,0,0,10,34.0,69,0
376,2,7,0,0,9,25.0,68,0
377,3,7,0,0,10,28.0,68,0
378,5,7,0,0,12,35.0,68,0
379,6,8,0,0,14,45.0,69,0
380,6,9,0,0,15,56.0,67,0
381,7,12,0,0,19,75.0,66,0
382,9,11,0,0,20,89.0,67,0
383,10,13,0,0,23,108.0,66,0
384,10,13,0,0,23,93.0,67,0
385,9,13,0,0,22,85.0,68,0
386,9,10,0,1,20,75.0,68,0
387,8,10,1,1,20,68.0,69,0
388,8,8,1,1,18,61.0,69,0
389,9,9,1,1,20,67.0,68,0
390,8,8,1,1,18,64.0,66,0
391,8,8,1,1,18,66.0,68,0
392,7,6,1,1,15,58.0,69,0
393,9,5,1,1,16,63.0,69,0
394,8,4,1,1,14,62.0,71,0
395,9,5,1,1,16,66.0,70,0
396,8,5,1,1,15,69.0,69,0
397,9,6,1,1,17,82.0,69,0
398,9,6,1,1,17,88.0,69,0
399,9,5,1,1,16,99.0,69,0
400,9,5,1,1,16,106.0,68,0
401,7,4,1,1,13,100.0,66,0
402,7,5,1,1,14,102.0,67,0
403,7,6,1,1,15,106.0,66,0
404,7,7,1,1,16,76.0,67,0
405,8,8,0,0,16,80.0,65,0
406,10,8,0,0,18,89.0,66,0
407,12,10,0,0,22,111.0,65,0
408,12,12,0,0,24,125.0,67,0
409,13,13,0,0,26,142.0,66,0
410,13,15,0,0,28,162.0,68,0
411,15,15,0,0,30,192.0,68,0
412,15,16,0,0,31,215.0,69,0
413,15,18,0,0,33,240.0,68,0
414,15,16,0,0,31,219.0,68,0
415,14,16,0,0,30,197.0,67,0
416,14,15,0,0,29,184.0,67,0
417,11,15,0,0,26,160.0,69,0
418,10,14,0,0,24,148.0,69,0
419,10,13,0,0,23,136.0,67,0
420,11,12,0,0,23,133.0,67,0
421,11,12,0,0,23,137.0,67,0
422,10,11,0,0,21,128.0,67,0
423,10,10,0,1,21,120.0,66,0
424,10,9,0,0,19,106.0,66,0
425,11,9,0,0,20,95.0,66,0
426,11,8,0,0,19,87.0,66,0
427,7,9,0,0,16,75.0,66,0
428,7,10,0,0,17,79.0,64,0
429,6,10,0,0,16,78.0,65,0
430,7,11,0,0,18,77.0,64,0
431,7,12,0,0,19,82.0,65,0
432,9,12,0,0,21,91.0,64,0
433,11,12,0,0,23,113.0,62,0
434,9,13,0,0,22,100.0,61,0
435,9,11,0,0,20,87.0,66,0
436,8,9,0,0,17,73.0,66,0
437,7,10,0,0,17,64.0,67,0
438,6,9,0,0,15,56.0,67,0
439,6,7,0,0,13,45.0,68,0
440,5,8,0,0,13,44.0,69,0
441,5,8,0,0,13,37.0,68,0
442,5,9,0,1,15,40.0,68,0
443,6,9,0,1,16,43.0,68,0
444,5,8,1,1,15,42.0,68,0
445,5,8,1,1,15,43.0,68,0
446,5,8,1,1,15,37.0,68,0
447,4,8,2,2,16,37.0,72,0
448,2,7,3,2,14,36.0,70,0
449,1,7,1,1,10,20.0,69,0
450,3,5,0,0,8,16.0,69,0
451,5,6,0,0,11,26.0,69,0
452,7,6,0,0,13,37.0,72,0
453,9,8,0,0,17,54.0,71,0
454,8,9,0,0,17,70.0,70,0
455,10,12,0,0,22,92.0,70,0
456,11,13,0,0,24,116.0,70,0
457,13,13,0,0,26,142.0,71,0
458,13,15,0,1,29,171.0,70,0
459,12,15,0,1,28,157.0,70,0
460,12,13,2,2,29,146.0,71,0
461,12,13,2,2,29,137.0,71,0
462,12,13,2,2,29,131.0,70,0
463,11,12,2,2,27,125.0,71,0
464,11,11,2,2,26,120.0,69,0
465,11,12,2,2,27,125.0,68,0
466,9,12,2,2,25,117.0,69,0
467,10,13,2,2,27,122.0,69,0
468,11,13,2,2,28,122.0,69,0
469,10,12,2,2,26,122.0,67,0
470,10,13,2,2,27,135.0,67,0
471,9,12,2,2,25,131.0,67,0
472,7,11,2,2,22,125.0,68,0
473,5,11,2,2,20,126.0,67,0
474,5,10,0,0,15,68.0,67,0
475,5,8,1,0,14,47.0,67,0
476,6,7,1,0,14,42.0,67,0
477,6,8,0,0,14,44.0,67,0
478,6,7,0,0,13,47.0,66,0
479,8,8,0,1,17,57.0,65,0
480,9,8,0,1,18,68.0,65,0
481,10,9,0,1,20,82.0,64,0
482,11,12,0,1,24,99.0,65,0
483,12,12,0,1,25,118.0,65,0
484,12,11,0,1,24,110.0,66,0
485,11,11,0,1,23,97.0,66,0
486,11,9,0,1,21,87.0,67,0
487,9,8,0,1,18,76.0,68,0
488,9,8,0,1,18,66.0,68,0
489,8,7,0,1,16,64.0,69,0
490,8,6,0,1,15,67.0,70,0
491,7,3,0,1,11,50.0,69,0
492,9,3,0,1,13,52.0,68,0
493,7,3,0,1,11,45.0,67,0
494,7,2,0,1,10,42.0,66,0
495,5,1,0,1,7,35.0,66,0
496,4,3,0,1,8,34.0,65,0
497,3,1,0,1,5,28.0,63,0
498,3,1,0,1,5,26.0,63,0
499,2,2,0,0,4,8.0,63,0
500,2,5,0,0,7,14.0,63,0
501,4,4,0,0,8,21.0,62,0
502,4,6,0,0,10,31.0,61,0
503,5,7,0,0,12,43.0,65,0
504,7,8,0,0,15,58.0,66,0
505,8,9,0,0,17,75.0,66,0
506,10,11,0,0,21,95.0,68,0
507,12,12,0,0,24,119.0,65,0
508,13,12,0,0,25,143.0,67,0
509,13,12,0,0,25,126.0,65,0
510,11,12,0,0,23,112.0,68,0
511,12,10,0,0,22,100.0,69,0
512,9,9,0,0,18,86.0,70,0
513,9,9,0,0,18,76.0,71,0
514,10,8,0,0,18,68.0,68,0
515,9,8,0,1,18,61.0,70,0
516,8,8,2,1,19,57.0,70,0
517,8,8,3,2,21,56.0,71,0
518,11,7,3,2,23,58.0,70,0
519,10,5,1,1,17,51.0,70,0
520,12,8,0,0,20,54.0,70,0
521,13,8,0,0,21,61.0,72,0
522,11,8,0,0,19,69.0,76,0
523,13,10,0,0,23,92.0,77,0
524,12,11,0,0,23,98.0,79,0
525,13,12,0,0,25,116.0,79,0
526,13,12,0,0,25,130.0,78,0
527,14,12,0,0,26,150.0,78,0
528,14,13,0,0,27,175.0,76,0
529,14,12,0,0,26,156.0,76,0
530,14,11,0,0,25,140.0,75,0
531,14,10,0,0,24,126.0,76,0
532,12,11,0,0,23,112.0,76,0
533,12,9,0,0,21,98.0,79,0
534,11,7,1,0,19,84.0,77,0
535,9,8,1,1,19,75.0,78,0
536,11,7,2,2,22,78.0,77,0
537,9,9,3,2,23,80.0,77,0
538,10,10,3,4,27,87.0,75,0
539,8,10,4,4,26,90.0,75,0
540,8,9,5,5,27,100.0,76,0
541,7,10,5,5,27,100.0,76,0
542,7,9,5,5,26,110.0,75,0
543,5,8,5,5,23,108.0,73,0
544,4,7,3,3,17,69.0,73,0
545,4,7,1,1,13,38.0,73,0
546,4,9,0,0,13,33.0,72,0
547,6,10,0,0,16,45.0,73,0
548,6,12,0,0,18,59.0,72,0
549,7,12,0,1,20,75.0,72,0
550,8,14,1,1,24,95.0,71,0
551,10,15,0,0,25,117.0,71,0
552,10,16,1,0,27,140.0,71,0
553,12,16,1,2,31,166.0,72,0
554,12,15,1,3,31,149.0,71,0
555,12,16,1,3,32,143.0,71,0
556,10,16,1,3,30,134.0,73,0
557,10,14,1,3,28,126.0,73,0
558,10,14,1,3,28,120.0,73,0
559,9,12,2,3,26,117.0,76,0
560,9,11,2,3,25,120.0,75,0
561,9,12,2,3,26,119.0,75,0
562,9,12,2,3,26,125.0,75,0
563,8,14,2,3,27,126.0,75,0
564,8,13,2,3,26,126.0,73,0
565,7,12,2,3,24,126.0,72,0
566,8,13,2,3,26,141.0,71,0
567,7,11,2,3,23,138.0,71,0
568,5,11,2,3,21,135.0,71,0
569,3,11,0,1,15,79.0,69,0
570,2,12,0,1,15,65.0,69,0
571,3,13,0,0,16,72.0,68,0
572,5,13,0,0,18,85.0,69,0
573,5,13,0,0,18,102.0,70,0
574,5,15,0,0,20,121.0,68,0
575,7,17,1,0,25,146.0,69,0
576,8,18,1,1,28,173.0,68,0
577,9,19,1,1,30,203.0,69,0
578,11,19,0,1,31,231.0,70,0
579,9,20,0,1,30,235.0,70,0
580,9,21,0,0,30,237.0,72,0
581,8,22,1,0,31,246.0,71,0
582,7,22,1,1,31,234.0,73,0
583,7,21,1,1,30,243.0,73,0
584,8,21,1,2,32,242.0,73,0
585,8,20,1,2,31,241.0,73,0
586,7,19,1,2,29,232.0,71,0
587,8,17,1,2,28,223.0,72,0
588,8,15,1,2,26,213.0,71,0
589,7,15,1,2,25,210.0,71,0
590,5,14,1,2,22,197.0,70,0
591,6,13,2,3,24,186.0,70,0
592,6,12,2,3,23,170.0,70,0
593,5,11,2,3,21,173.0,70,0
594,6,11,0,1,18,130.0,70,0
595,6,8,0,0,14,103.0,70,0
596,8,6,1,0,15,89.0,70,0
597,7,5,1,0,13,75.0,68,0
598,7,6,0,0,13,83.0,68,0
599,8,4,0,0,12,74.0,68,0
600,10,4,0,0,14,69.0,68,0
601,11,5,0,0,16,67.0,68,0
602,13,5,0,0,18,85.0,66,0
603,15,6,0,0,21,106.0,67,0
604,14,6,0,0,20,93.0,66,0
605,13,5,0,0,18,80.0,66,0
606,13,4,0,0,17,72.0,66,0
607,13,4,0,0,17,66.0,67,0
608,12,4,0,0,16,61.0,70,0
609,12,4,0,0,16,55.0,71,0
610,12,2,0,0,14,49.0,71,0
611,12,2,0,1,15,56.0,71,0
612,12,1,0,1,14,53.0,70,0
613,10,1,1,1,13,48.0,69,0
614,12,1,1,1,15,53.0,72,0
615,10,2,1,1,14,49.0,71,0
616,10,1,1,1,13,55.0,71,0
617,9,1,1,1,12,55.0,71,0
618,7,1,1,1,10,52.0,71,0
619,8,2,0,0,10,43.0,69,0
620,9,3,0,0,12,55.0,69,0
621,10,3,0,0,13,56.0,67,0
622,9,7,0,0,16,62.0,67,0
623,10,7,0,0,17,70.0,66,0
624,12,7,0,0,19,79.0,69,0
625,12,9,0,0,21,91.0,70,0
626,12,12,0,0,24,105.0,69,0
627,14,11,0,0,25,121.0,70,0
628,13,13,1,1,28,141.0,70,0
629,13,13,2,1,29,126.0,70,0
630,12,11,2,1,26,114.0,71,0
631,11,11,2,1,25,111.0,70,0
632,9,9,3,1,22,99.0,70,0
633,8,8,3,1,20,89.0,71,0
634,7,8,3,1,19,79.0,73,0
635,6,9,3,1,19,72.0,72,0
636,4,7,3,1,15,62.0,72,0
637,6,8,3,1,18,76.0,72,0
638,6,6,3,1,16,76.0,71,0
639,8,6,3,1,18,80.0,71,0
640,7,5,3,1,16,83.0,71,0
641,6,5,3,1,15,82.0,70,0
642,5,6,3,1,15,84.0,68,0
643,5,3,3,1,12,83.0,69,0
644,4,2,1,0,7,26.0,67,0
645,6,2,0,0,8,17.0,66,0
646,7,3,0,0,10,23.0,65,0
647,8,3,0,0,11,26.0,64,0
648,8,4,0,0,12,35.0,63,0
649,10,5,0,0,15,46.0,62,0
650,11,6,0,0,17,60.0,62,0
651,12,6,0,0,18,76.0,66,0
652,16,8,0,0,24,100.0,66,0
653,16,10,0,0,26,122.0,65,0
654,15,9,0,0,24,109.0,64,0
655,15,9,0,0,24,96.0,67,0
656,13,8,0,0,21,86.0,67,0
657,12,7,0,0,19,79.0,66,0
658,10,6,0,0,16,70.0,67,0
659,9,6,0,0,15,61.0,67,0
660,9,6,0,0,15,59.0,69,0
661,10,6,0,0,16,55.0,68,0
662,8,5,0,0,13,46.0,66,0
663,8,6,0,0,14,47.0,65,0
664,7,8,0,0,15,47.0,64,0
665,5,6,0,1,12,43.0,63,0
666,5,7,1,1,14,43.0,63,0
667,5,7,1,1,14,48.0,65,0
668,5,7,1,1,14,49.0,65,0
669,5,9,0,0,14,42.0,64,0
670,4,6,0,0,10,39.0,68,0
671,6,7,0,0,13,44.0,69,0
672,5,8,0,0,13,46.0,69,0
673,8,7,0,0,15,54.0,68,0
674,9,7,0,0,16,64.0,68,0
675,10,9,0,0,19,77.0,67,0
676,11,9,0,0,20,92.0,68,0
677,11,11,0,0,22,109.0,67,0
678,13,12,0,0,25,130.0,68,0
679,13,13,0,0,26,119.0,67,0
680,13,13,0,0,26,107.0,68,0
681,12,12,0,0,24,95.0,69,0
682,12,12,0,0,24,91.0,69,0
683,10,9,1,2,22,77.0,70,0
684,9,8,2,2,21,68.0,70,0
685,11,7,3,2,23,65.0,69,0
686,10,4,3,3,20,63.0,69,0
687,8,6,3,3,20,65.0,69,0
688,7,4,3,3,17,64.0,69,0
689,8,5,1,1,15,43.0,71,0
690,7,8,0,0,15,41.0,72,0
691,10,9,0,0,19,56.0,72,0
692,7,11,0,0,18,59.0,72,0
693,9,10,0,0,19,67.0,72,0
694,8,12,0,0,20,77.0,72,0
695,9,13,0,0,22,97.0,75,0
696,10,13,0,0,23,117.0,74,0
697,11,14,0,0,25,142.0,72,0
698,14,17,0,0,31,173.0,72,0
699,12,14,0,0,26,153.0,70,0
700,10,14,0,0,24,135.0,73,0
701,9,12,0,0,21,119.0,73,0
702,9,12,0,0,21,105.0,72,0
703,8,10,0,1,19,91.0,73,0
704,9,10,1,1,21,88.0,72,0
705,8,10,1,1,20,76.0,72,0
706,7,10,1,1,19,69.0,72,0
707,7,11,1,1,20,68.0,75,0
708,7,11,2,2,22,67.0,72,0
709,7,10,3,3,23,75.0,71,0
710,5,10,3,3,21,76.0,71,0
711,5,10,3,3,21,78.0,70,0
712,5,10,3,3,21,83.0,70,0
713,3,9,3,3,18,85.0,70,0
714,4,7,1,1,13,59.0,69,0
715,3,6,0,0,9,44.0,69,0
716,3,9,0,0,12,52.0,68,0
717,3,9,0,0,12,57.0,69,0
718,4,9,0,0,13,69.0,67,0
719,4,11,0,0,15,84.0,65,0
720,6,10,0,0,16,99.0,65,0
721,6,12,2,1,21,120.0,64,0
722,8,14,2,1,25,145.0,66,0
723,9,15,2,1,27,172.0,66,0
724,8,15,2,1,26,157.0,66,0
725,7,14,2,1,24,145.0,66,0
726,7,14,2,1,24,137.0,71,0
727,5,11,2,1,19,125.0,70,0
728,5,12,2,1,20,118.0,73,0
729,4,12,2,1,19,112.0,73,0
730,4,11,2,1,18,105.0,74,0
731,5,11,2,1,19,107.0,73,0
732,6,10,2,1,19,104.0,74,0
733,5,9,2,1,17,99.0,73,0
734,6,8,0,0,14,55.0,73,0
735,6,9,0,0,15,64.0,72,0
736,7,10,0,0,17,64.0,71,0
737,8,10,0,0,18,68.0,71,0
738,8,10,0,0,18,71.0,71,0
739,8,10,0,0,18,86.0,70,0
740,8,10,0,0,18,91.0,69,0
741,10,9,0,0,19,100.0,67,0
742,11,11,0,0,22,111.0,67,0
743,12,12,0,0,24,135.0,66,0
744,12,11,0,0,23,118.0,66,0
745,11,11,0,0,22,104.0,67,0
746,10,10,0,0,20,90.0,67,0
747,10,9,0,0,19,80.0,68,0
748,10,8,0,0,18,69.0,67,0
749,9,8,0,0,17,60.0,66,0
750,9,7,0,0,16,59.0,65,0
751,8,6,0,0,14,48.0,65,0
752,10,8,0,0,18,54.0,63,0
753,10,7,0,0,17,50.0,63,0
754,10,5,0,0,15,44.0,63,0
755,9,6,0,0,15,45.0,63,0
756,8,7,0,1,16,48.0,63,0
757,8,5,0,1,14,42.0,64,0
758,8,6,1,1,16,46.0,64,0
759,7,4,0,0,11,38.0,61,0
760,7,4,0,0,11,33.0,61,0
761,6,5,0,0,11,35.0,62,0
762,6,8,0,0,14,41.0,62,0
763,7,7,0,0,14,47.0,63,0
764,8,8,0,0,16,57.0,62,0
765,10,10,0,0,20,77.0,62,0
766,10,10,0,0,20,90.0,62,0
767,12,12,0,0,24,109.0,64,0
768,12,14,0,0,26,130.0,63,0
769,12,13,0,0,25,116.0,63,0
770,13,12,0,0,25,103.0,65,0
771,11,12,0,0,23,93.0,64,0
772,8,12,0,0,20,84.0,63,0
773,6,11,0,0,17,71.0,64,0
774,6,12,0,0,18,69.0,65,0
775,6,11,1,0,18,69.0,64,0
776,6,10,1,0,17,64.0,64,0
777,6,12,1,0,19,69.0,64,0
778,5,12,1,1,19,65.0,64,0
779,7,12,1,1,21,72.0,64,0
780,6,12,1,1,20,73.0,64,0
781,8,11,1,1,21,85.0,66,0
782,8,10,1,1,20,89.0,67,0
783,9,9,1,1,20,91.0,71,0
784,9,8,0,0,17,74.0,74,0
785,10,6,0,0,16,69.0,75,0
786,10,4,0,0,14,63.0,77,0
787,11,7,0,0,18,81.0,79,0
788,12,7,0,0,19,95.0,78,0
789,14,8,0,0,22,113.0,78,0
790,14,9,0,0,23,132.0,77,0
791,16,10,0,0,26,154.0,78,0
792,18,10,0,0,28,178.0,80,0
793,20,12,0,0,32,207.0,78,0
794,18,13,1,0,32,193.0,78,0
795,18,11,2,2,33,179.0,80,0
796,18,11,4,2,35,175.0,80,0
797,16,9,4,3,32,169.0,80,0
798,15,8,4,5,32,164.0,79,0
799,13,5,7,6,31,159.0,78,0
800,12,4,8,7,31,158.0,80,0
801,11,5,8,8,32,174.0,81,0
802,12,6,8,8,34,193.0,81,0
803,11,5,8,8,32,196.0,81,0
804,10,6,6,6,28,161.0,81,0
805,11,5,4,4,24,130.0,82,0
806,9,5,2,2,18,98.0,82,0
807,10,8,0,0,18,66.0,82,0
808,10,7,0,0,17,78.0,80,0
809,9,8,0,0,17,75.0,80,0
810,8,9,0,0,17,75.0,80,0
811,10,11,0,0,21,96.0,80,0
812,11,12,0,0,23,119.0,77,0
813,12,12,0,0,24,143.0,77,0
814,10,13,1,2,26,126.0,77,0
815,10,13,2,2,27,115.0,78,0
816,9,11,3,3,26,106.0,77,0
817,9,12,3,4,28,103.0,77,0
818,9,10,5,4,28,103.0,77,0
819,8,10,5,5,28,104.0,80,0
820,8,10,5,5,28,109.0,80,0
821,7,11,5,5,28,116.0,79,0
822,7,10,5,5,27,133.0,78,0
823,8,9,5,5,27,141.0,77,0
824,7,10,3,3,23,103.0,75,0
825,6,13,1,1,21,70.0,75,0
826,6,10,0,0,16,51.0,75,0
827,6,13,0,0,19,56.0,76,0
828,6,14,0,0,20,60.0,75,0
829,5,14,1,1,21,70.0,75,0
830,7,15,1,2,25,92.0,73,0
831,7,13,1,1,22,103.0,73,0
832,9,14,0,0,23,120.0,72,0
833,10,13,1,1,25,144.0,71,0
834,10,14,1,2,27,145.0,70,0
835,10,14,3,2,29,137.0,72,0
836,9,13,3,3,28,129.0,72,0
837,8,13,2,2,25,117.0,77,0
838,7,14,2,2,25,123.0,79,0
839,8,12,2,2,24,118.0,79,0
840,7,12,2,2,23,113.0,80,0
841,5,12,3,3,23,108.0,78,0
842,6,14,3,3,26,115.0,78,0
843,4,13,3,3,23,115.0,78,0
844,7,13,1,1,22,82.0,78,0
845,8,11,0,0,19,74.0,76,0
846,8,11,0,0,19,74.0,76,0
847,9,12,0,0,21,82.0,75,0
848,9,13,0,0,22,96.0,76,0
849,9,14,0,0,23,105.0,74,0
850,11,13,0,1,25,118.0,74,0
851,12,13,0,1,26,132.0,73,0
852,13,12,2,1,28,148.0,72,0
853,14,14,2,1,31,179.0,72,0
854,14,13,0,0,27,154.0,72,0
855,14,13,1,0,28,143.0,72,0
856,13,12,1,0,26,131.0,74,0
857,13,11,1,0,25,118.0,75,0
858,11,11,1,1,24,107.0,75,0
859,10,9,2,2,23,100.0,75,0
860,11,10,2,2,25,95.0,77,0
861,10,9,3,2,24,90.0,76,0
862,10,10,3,2,25,99.0,76,0
863,10,10,3,2,25,116.0,74,0
864,10,10,3,2,25,109.0,74,0
865,9,8,3,2,22,105.0,72,0
866,9,9,3,2,23,119.0,72,0
867,9,10,3,2,24,117.0,73,0
868,10,9,3,3,25,124.0,77,0
869,9,10,2,1,22,88.0,77,0
870,10,8,0,0,18,79.0,74,0
871,11,8,0,0,19,84.0,74,0
872,11,7,0,0,18,91.0,73,0
873,12,7,0,0,19,104.0,73,0
874,14,8,0,0,22,126.0,75,0
875,16,9,0,0,25,151.0,75,0
876,17,11,0,0,28,179.0,73,0
877,17,12,0,0,29,207.0,74,0
878,19,13,0,0,32,239.0,73,0
879,19,13,0,0,32,221.0,73,0
880,18,11,0,0,29,201.0,73,0
881,17,12,1,0,30,186.0,74,0
882,16,11,2,1,30,173.0,72,0
883,14,10,2,2,28,161.0,73,0
884,13,10,2,2,27,150.0,74,0
885,12,9,2,2,25,140.0,75,0
886,10,10,3,2,25,132.0,74,0
887,11,10,3,3,27,148.0,73,0
888,10,9,3,3,25,141.0,71,0
889,9,11,3,3,26,144.0,71,0
890,8,9,3,3,23,138.0,70,0
891,6,10,3,3,22,137.0,70,0
892,5,10,3,3,21,131.0,69,0
893,4,9,3,3,19,130.0,72,0
894,3,9,1,1,14,62.0,71,0
895,3,8,0,0,11,40.0,69,0
896,4,7,0,0,11,37.0,69,0
897,6,6,0,0,12,35.0,69,0
898,7,7,0,0,14,43.0,67,0
899,7,8,0,0,15,53.0,66,0
900,9,8,0,0,17,65.0,69,0
901,11,9,0,0,20,80.0,68,0
902,11,10,0,0,21,97.0,66,0
903,11,12,0,0,23,120.0,66,0
904,11,12,0,0,23,101.0,68,0
905,11,9,1,0,21,88.0,67,0
906,10,7,1,1,19,74.0,67,0
907,10,6,2,2,20,65.0,69,0
908,9,6,2,2,19,58.0,69,0
909,8,6,2,2,18,54.0,70,0
910,8,5,2,2,17,54.0,69,0
911,7,4,2,2,15,52.0,70,0
912,7,3,2,2,14,52.0,71,0
913,9,5,2,2,18,62.0,70,0
914,8,5,0,0,13,31.0,70,0
915,7,6,0,0,13,31.0,69,0
916,6,6,0,1,13,33.0,68,0
917,6,8,0,0,14,35.0,69,0
918,5,7,0,0,12,41.0,69,0
919,4,9,0,0,13,50.0,68,0
920,6,10,0,0,16,65.0,67,0
921,6,12,0,0,18,82.0,67,0
922,7,12,0,0,19,101.0,67,0
923,8,14,0,0,22,123.0,67,0
924,7,14,1,0,22,108.0,67,0
925,6,14,1,0,21,94.0,66,0
926,6,12,1,1,20,85.0,67,0
927,5,12,1,1,19,77.0,67,0
928,4,11,1,1,17,70.0,67,0
929,3,10,1,1,15,66.0,67,0
930,4,10,1,1,16,63.0,69,0
931,5,12,1,1,19,68.0,67,0
932,6,9,1,1,17,65.0,67,0
933,6,12,1,1,20,72.0,67,0
934,7,11,1,1,20,75.0,65,0
935,8,9,1,1,19,79.0,65,0
936,5,10,1,1,17,77.0,65,0
937,6,10,1,1,18,77.0,65,0
938,4,10,1,1,16,84.0,65,0
939,6,9,0,0,15,57.0,65,0
940,7,8,0,0,15,60.0,65,0
941,8,8,0,0,16,68.0,67,0
942,9,9,0,0,18,83.0,66,0
943,11,11,0,0,22,105.0,66,0
944,13,12,0,0,25,126.0,65,0
945,14,14,0,0,28,150.0,64,0
946,13,15,0,0,28,177.0,65,0
947,15,17,0,0,32,206.0,65,0
948,16,18,0,0,34,239.0,63,0
949,17,17,0,0,34,227.0,67,0
950,15,17,0,0,32,212.0,68,0
951,15,15,0,0,30,197.0,68,0
952,14,16,0,0,30,184.0,71,0
953,14,14,0,0,28,172.0,69,0
954,14,13,0,0,27,160.0,66,0
955,14,12,0,0,26,149.0,70,0
956,14,11,0,0,25,139.0,70,0
957,13,9,0,0,22,134.0,70,0
958,14,9,0,0,23,127.0,71,0
959,14,9,0,0,23,138.0,71,0
960,13,9,0,0,22,131.0,71,0
961,11,8,0,0,19,111.0,71,0
962,11,7,0,0,18,88.0,72,0
963,11,8,0,0,19,74.0,70,0
964,10,8,0,0,18,69.0,70,0
965,9,9,0,0,18,81.0,69,0
966,8,10,0,0,18,77.0,69,0
967,9,10,1,0,20,81.0,71,0
968,10,11,1,0,22,98.0,69,0
969,11,10,1,0,22,89.0,69,0
970,9,9,2,0,20,79.0,67,0
971,8,8,2,1,19,69.0,69,0
972,8,8,2,1,19,62.0,69,0
973,6,8,2,1,17,55.0,68,0
974,4,6,2,1,13,49.0,70,0
975,3,7,2,1,13,46.0,70,0
976,3,4,2,1,10,42.0,70,0
977,2,7,2,1,12,42.0,70,0
978,2,5,2,1,10,42.0,69,0
979,3,9,2,1,15,57.0,69,0
980,3,8,2,2,15,61.0,68,0
981,2,8,3,2,15,65.0,67,0
982,4,8,3,2,17,76.0,66,0
983,3,8,3,2,16,81.0,66,0
984,3,8,3,2,16,90.0,66,0
985,3,7,3,2,15,99.0,65,0
986,3,6,3,2,14,97.0,68,0
987,3,6,3,2,14,101.0,67,0
988,4,7,3,2,16,107.0,67,0
989,4,8,1,0,13,42.0,67,0
990,4,8,0,0,12,36.0,65,0
991,6,10,0,0,16,45.0,66,0
992,7,11,0,0,18,56.0,65,0
993,9,11,0,0,20,71.0,67,0
994,9,12,0,0,21,87.0,66,0
995,11,13,0,0,24,107.0,64,0
996,13,14,0,0,27,129.0,66,0
997,13,16,0,0,29,157.0,66,0
998,15,17,0,0,32,186.0,67,0
999,13,16,1,0,30,169.0,66,0
1000,13,16,1,0,30,154.0,66,0
1001,13,15,1,1,30,142.0,67,0
1002,11,12,1,1,25,125.0,65,0
1003,11,10,1,1,23,112.0,65,0
1004,10,10,1,1,22,100.0,68,0
1005,10,10,1,1,22,92.0,70,0
1006,12,8,1,1,22,92.0,69,0
1007,14,13,1,1,29,101.0,69,0
1008,12,11,1,1,25,100.0,70,0
1009,13,10,0,0,23,83.0,70,0
1010,12,10,0,0,22,81.0,70,0
1011,11,9,0,0,20,77.0,70,0
1012,10,9,0,0,19,78.0,69,0
1013,9,8,0,0,17,78.0,69,0
1014,11,8,0,0,19,76.0,69,0
1015,11,9,0,0,20,91.0,69,0
1016,12,9,0,0,21,104.0,69,0
1017,13,10,0,0,23,127.0,70,0
1018,14,10,0,0,24,151.0,69,0
1019,14,9,0,0,23,135.0,67,0
1020,14,9,0,0,23,122.0,70,0
1021,12,9,0,0,21,107.0,70,0
1022,14,7,0,0,21,95.0,70,0
1023,12,7,0,0,19,85.0,71,0
1024,11,7,0,0,18,79.0,71,0
1025,9,7,0,0,16,69.0,71,0
1026,11,6,0,0,17,66.0,68,0
1027,10,7,0,0,17,60.0,69,0
1028,8,4,0,0,12,49.0,67,0
1029,7,4,0,0,11,40.0,67,0
1030,7,4,0,0,11,40.0,66,0
1031,6,5,0,0,11,32.0,66,0
1032,5,6,0,0,11,41.0,66,0
1033,4,5,0,0,9,32.0,64,0
1034,2,5,0,0,7,25.0,64,0
1035,2,5,0,0,7,19.0,63,0
1036,1,5,0,0,6,24.0,63,0
1037,2,5,1,0,8,32.0,61,0
1038,2,6,1,1,10,42.0,61,0
1039,4,6,0,0,10,49.0,60,0
1040,5,7,0,0,12,61.0,59,0
1041,6,8,0,0,14,75.0,61,0
1042,8,9,0,0,17,92.0,65,0
1043,10,11,0,0,21,113.0,68,0
1044,11,12,0,0,23,136.0,70,0
1045,12,13,0,0,25,161.0,71,0
1046,13,15,0,0,28,189.0,71,0
1047,14,16,0,0,30,219.0,72,0
1048,16,17,0,0,33,252.0,73,0
1049,15,17,0,0,32,232.0,72,0
1050,14,15,0,0,29,212.0,73,0
1051,14,16,0,0,30,197.0,73,0
1052,15,15,0,0,30,182.0,74,0
1053,13,15,0,0,28,166.0,75,0
1054,13,13,0,1,27,153.0,74,0
1055,11,14,1,1,27,144.0,72,0
1056,11,13,2,2,28,139.0,72,0
1057,11,13,2,3,29,150.0,72,0
1058,10,14,4,4,32,160.0,73,0
1059,10,12,3,3,28,142.0,73,0
1060,9,12,1,1,23,127.0,77,0
1061,8,13,0,0,21,113.0,77,0
1062,8,14,0,0,22,118.0,76,0
1063,6,13,0,0,19,106.0,76,0
1064,7,12,1,0,20,103.0,76,0
1065,8,12,1,0,21,110.0,76,0
1066,9,12,0,0,21,115.0,75,0
1067,11,11,0,0,22,125.0,75,0
1068,12,13,2,1,28,140.0,73,0
1069,12,11,2,1,26,125.0,74,0
1070,10,11,2,1,24,113.0,73,0
1071,9,10,2,1,22,100.0,74,0
1072,9,9,2,1,21,90.0,74,0
1073,8,8,3,2,21,82.0,74,0
1074,7,8,4,2,21,78.0,73,0
1075,6,7,4,3,20,75.0,73,0
1076,8,7,4,3,22,86.0,73,0
1077,7,6,4,3,20,86.0,73,0
1078,5,7,4,3,19,89.0,70,0
1079,5,8,4,3,20,90.0,74,0
1080,4,9,4,3,20,93.0,74,0
1081,3,9,4,3,19,102.0,73,0
1082,4,9,4,3,20,112.0,73,0
1083,3,11,4,3,21,124.0,74,0
1084,3,10,2,1,16,70.0,73,0
1085,1,8,0,1,10,29.0,73,0
1086,1,7,0,1,9,28.0,73,0
1087,2,6,0,1,9,26.0,70,0
1088,2,7,0,0,9,26.0,70,0
1089,4,8,1,0,13,34.0,70,0
1090,4,8,1,0,13,43.0,69,0
1091,6,9,1,0,16,56.0,71,0
1092,7,11,1,0,19,71.0,70,0
1093,8,12,1,1,22,93.0,71,0
1094,8,12,0,1,21,73.0,71,0
1095,7,10,0,1,18,64.0,71,0
1096,7,9,0,1,17,56.0,70,0
1097,6,8,0,1,15,49.0,74,0
1098,5,8,2,1,16,45.0,74,0
1099,6,7,2,1,16,50.0,74,0
1100,6,7,2,1,16,52.0,75,0
1101,7,7,2,1,17,58.0,73,0
1102,7,5,2,1,15,56.0,73,0
1103,7,5,2,1,15,58.0,72,0
1104,7,3,2,1,13,59.0,71,0
1105,6,3,2,1,12,61.0,70,0
1106,7,4,2,1,14,67.0,70,0
1107,8,4,2,1,15,79.0,70,0
1108,8,6,2,1,17,89.0,70,0
1109,8,6,2,1,17,99.0,70,0
1110,7,5,2,1,15,109.0,70,0
1111,7,4,2,1,14,108.0,69,0
1112,8,5,3,1,17,114.0,69,0
1113,8,6,3,1,18,122.0,66,0
1114,9,7,1,0,17,76.0,67,0
1115,9,9,0,0,18,82.0,67,0
1116,10,9,0,0,19,100.0,70,0
1117,12,10,0,0,22,112.0,71,0
1118,12,11,0,0,23,126.0,72,0
1119,14,13,0,0,27,145.0,70,0
1120,15,14,0,0,29,166.0,70,0
1121,17,16,0,0,33,199.0,70,0
1122,17,16,0,0,33,222.0,70,0
1123,18,17,0,0,35,248.0,69,0
1124,17,17,0,0,34,226.0,70,0
1125,15,16,0,0,31,203.0,70,0
1126,12,16,0,0,28,182.0,70,0
1127,12,15,0,0,27,163.0,69,0
1128,10,15,0,1,26,148.0,75,0
1129,10,13,1,2,26,136.0,74,0
1130,12,13,1,2,28,136.0,75,0
1131,13,11,2,2,28,130.0,75,0
1132,13,14,2,2,31,147.0,73,0
1133,14,14,2,2,32,151.0,73,0
1134,11,13,0,0,24,117.0,74,0
1135,10,11,0,0,21,107.0,74,0
1136,10,11,0,0,21,105.0,74,0
1137,8,11,0,0,19,94.0,74,0
1138,6,13,0,0,19,86.0,74,0
1139,6,11,0,0,17,80.0,73,0
1140,6,13,0,0,19,92.0,71,0
1141,6,12,0,0,18,88.0,71,0
1142,9,13,1,0,23,98.0,69,0
1143,9,12,1,0,22,107.0,70,0
1144,7,12,1,0,20,94.0,72,0
1145,6,11,1,1,19,80.0,71,0
1146,6,10,1,1,18,71.0,71,0
1147,5,10,1,1,17,63.0,72,0
1148,4,10,1,2,17,59.0,73,0
1149,3,9,2,2,16,56.0,73,0
1150,3,8,2,2,15,57.0,71,0
1151,3,8,2,2,15,59.0,71,0
1152,3,8,2,2,15,59.0,70,0
1153,3,6,2,2,13,57.0,72,0
1154,2,8,2,2,14,63.0,71,0
1155,3,7,2,2,14,64.0,70,0
1156,2,6,2,2,12,65.0,70,0
1157,4,5,2,2,13,67.0,72,0
1158,4,7,2,2,15,74.0,72,0
1159,3,5,0,0,8,19.0,69,0
1160,5,5,0,0,10,24.0,69,0
1161,5,5,0,0,10,34.0,68,0
1162,5,6,0,0,11,41.0,67,0
1163,7,8,0,0,15,53.0,65,0
1164,8,10,0,0,18,70.0,66,0
1165,10,11,0,0,21,91.0,65,0
1166,12,11,1,0,24,114.0,66,0
1167,12,13,1,0,26,140.0,66,0
1168,12,13,1,0,26,166.0,64,0
1169,12,14,1,1,28,150.0,64,0
1170,12,13,1,1,27,138.0,66,0
1171,12,13,1,1,27,129.0,68,0
1172,10,10,1,1,22,115.0,71,0
1173,10,11,1,1,23,114.0,73,0
1174,9,10,1,1,21,105.0,73,0
1175,8,9,1,1,19,94.0,73,0
1176,7,9,1,1,18,85.0,73,0
1177,8,9,1,1,19,88.0,75,0
1178,9,11,1,1,22,95.0,75,0
1179,10,12,0,0,22,71.0,75,0
1180,9,12,0,0,21,70.0,75,0
1181,10,11,0,0,21,72.0,73,0
1182,10,12,0,0,22,74.0,73,0
1183,10,13,0,0,23,82.0,73,0
1184,9,12,0,0,21,88.0,73,0
1185,9,12,0,0,21,98.0,73,0
1186,11,12,0,0,23,114.0,72,0
1187,12,12,0,0,24,138.0,71,0
1188,13,13,0,0,26,159.0,70,0
1189,12,12,0,0,24,139.0,71,0
1190,12,11,0,0,23,120.0,72,0
1191,12,11,0,0,23,107.0,72,0
1192,11,11,0,0,22,95.0,72,0
1193,11,11,0,0,22,86.0,70,0
1194,9,7,0,0,16,70.0,70,0
1195,8,8,0,0,16,60.0,70,0
1196,9,6,0,0,15,52.0,69,0
1197,10,6,0,0,16,51.0,69,0
1198,11,6,0,0,17,47.0,69,0
1199,10,7,0,0,17,48.0,68,0
1200,10,8,0,0,18,51.0,68,0
1201,12,7,0,0,19,56.0,68,0
1202,12,7,1,1,21,63.0,66,0
1203,10,6,1,1,18,59.0,66,0
1204,9,4,1,1,15,58.0,64,0
1205,10,2,1,1,14,65.0,64,0
1206,8,1,1,1,11,62.0,63,0
1207,9,0,1,1,11,69.0,63,0
1208,10,1,1,1,13,82.0,63,0
1209,11,3,0,0,14,82.0,65,0
1210,11,3,0,0,14,96.0,64,0
1211,13,4,0,0,17,113.0,65,0
1212,15,5,0,0,20,133.0,64,0
1213,17,6,0,0,23,156.0,62,0
1214,17,7,0,0,24,180.0,63,0
1215,18,9,0,0,27,207.0,67,0
1216,19,10,0,0,29,236.0,66,0
1217,22,11,0,0,33,269.0,67,0
1218,23,12,0,0,35,304.0,67,0
1219,20,12,0,0,32,281.0,69,0
1220,20,11,0,0,31,261.0,70,0
1221,19,10,0,0,29,242.0,70,0
1222,18,9,0,0,27,224.0,70,0
1223,16,9,1,0,26,207.0,69,0
1224,15,8,1,1,25,191.0,69,0
1225,13,8,1,1,23,173.0,70,0
1226,12,11,1,1,25,171.0,70,0
1227,11,11,2,1,25,157.0,74,0
1228,10,9,3,1,23,148.0,74,0
1229,9,9,3,3,24,154.0,74,0
1230,8,10,3,3,24,144.0,75,0
1231,7,8,3,3,21,130.0,75,0
1232,4,10,3,3,20,107.0,75,0
1233,2,9,3,3,17,97.0,74,0
1234,0,10,1,1,12,55.0,73,0
1235,0,9,0,0,9,36.0,73,0
1236,2,8,0,0,10,32.0,72,0
1237,2,9,0,0,11,35.0,71,0
1238,4,9,0,0,13,41.0,70,0
1239,5,9,0,0,14,45.0,71,0
1240,7,10,0,0,17,56.0,69,0
1241,7,12,1,1,21,77.0,69,0
1242,7,12,1,1,21,92.0,66,0
1243,9,13,1,1,24,110.0,69,0
1244,9,12,1,1,23,96.0,68,0
1245,9,10,1,1,21,83.0,69,0
1246,9,12,1,1,23,76.0,71,0
1247,8,12,1,2,23,74.0,72,0
1248,6,11,1,2,20,70.0,72,0
1249,7,9,1,2,19,71.0,71,0
1250,8,7,1,2,18,71.0,73,0
1251,7,7,1,2,17,71.0,72,0
1252,7,5,1,2,15,65.0,71,0
1253,7,5,1,2,15,63.0,71,0
1254,8,3,1,2,14,64.0,69,0
1255,8,4,1,2,15,74.0,69,0
1256,8,5,1,2,16,77.0,68,0
1257,8,6,1,2,17,86.0,67,0
1258,9,6,1,2,18,97.0,67,0
1259,7,5,0,0,12,41.0,67,0
1260,7,6,0,1,14,41.0,67,0
1261,7,7,0,1,15,48.0,65,0
1262,7,9,0,1,17,55.0,65,0
1263,7,10,0,1,18,68.0,64,0
1264,8,10,0,0,18,77.0,66,0
1265,10,11,0,0,21,95.0,67,0
1266,9,13,0,0,22,114.0,65,0
1267,12,15,0,0,27,141.0,66,0
1268,14,14,0,1,29,165.0,66,0
1269,12,14,0,1,27,148.0,67,0
1270,11,14,0,1,26,132.0,66,0
1271,9,13,0,1,23,115.0,66,0
1272,7,13,0,1,21,100.0,66,0
1273,5,12,0,1,18,89.0,68,0
1274,4,11,0,1,16,80.0,69,0
1275,6,10,0,1,17,74.0,71,0
1276,6,9,0,1,16,74.0,70,0
1277,7,9,0,2,18,71.0,67,0
1278,8,9,1,2,20,70.0,68,0
1279,8,8,1,2,19,69.0,67,0
1280,8,6,1,2,17,71.0,67,0
1281,7,10,1,2,20,80.0,67,0
1282,5,9,1,2,17,75.0,67,0
1283,5,8,1,2,16,70.0,70,0
1284,6,7,0,0,13,40.0,70,0
1285,6,6,0,0,12,36.0,69,0
1286,7,7,0,0,14,38.0,68,0
1287,8,8,0,0,16,51.0,67,0
1288,8,8,0,0,16,56.0,67,0
1289,10,9,0,0,19,72.0,66,0
1290,12,13,0,0,25,95.0,65,0
1291,10,13,0,0,23,114.0,66,0
1292,12,14,0,0,26,138.0,66,0
1293,15,14,0,0,29,165.0,65,0
1294,13,14,0,0,27,146.0,66,0
1295,11,13,0,1,25,131.0,66,0
1296,11,13,2,1,27,121.0,67,0
1297,10,12,2,2,26,112.0,66,0
1298,11,11,2,2,26,106.0,67,0
1299,11,10,2,2,25,107.0,68,0
1300,12,10,2,2,26,109.0,66,0
1301,12,9,2,2,25,105.0,68,0
1302,11,9,2,2,24,102.0,73,0
1303,11,9,2,2,24,102.0,74,0
1304,11,12,2,2,27,117.0,77,0
1305,10,10,2,2,24,116.0,77,0
1306,9,10,2,2,23,111.0,77,0
1307,8,10,2,2,22,109.0,77,0
1308,8,6,2,2,18,110.0,76,0
1309,7,7,0,0,14,57.0,76,0
1310,9,6,0,1,16,65.0,75,0
1311,8,5,0,1,14,58.0,75,0
1312,8,6,0,1,15,58.0,73,0
1313,9,8,0,0,17,63.0,73,0
1314,9,8,0,0,17,71.0,74,0
1315,10,10,0,0,20,82.0,73,0
1316,11,11,0,0,22,97.0,73,0
1317,13,13,0,0,26,116.0,74,0
1318,13,14,1,0,28,138.0,75,0
1319,12,13,2,2,29,126.0,74,0
1320,11,12,3,3,29,119.0,75,0
1321,8,12,4,4,28,113.0,75,0
1322,6,11,4,4,25,105.0,75,0
1323,6,10,4,4,24,105.0,77,0
1324,4,9,4,4,21,99.0,76,0
1325,4,10,4,4,22,106.0,76,0
1326,4,11,4,4,23,116.0,76,0
1327,5,12,4,4,25,125.0,76,0
1328,4,12,4,4,24,129.0,76,0
1329,3,11,4,4,22,133.0,77,0
1330,3,10,4,4,21,139.0,73,0
1331,2,9,5,5,21,145.0,73,0
1332,4,9,5,5,23,153.0,73,0
1333,3,9,5,5,22,165.0,71,0
1334,3,9,3,3,18,104.0,71,0
1335,2,8,1,1,12,39.0,71,0
1336,3,6,0,0,9,23.0,71,0
1337,5,7,0,0,12,30.0,70,0
1338,7,6,0,0,13,39.0,70,0
1339,7,9,0,0,16,50.0,75,0
1340,8,10,0,0,18,65.0,75,0
1341,10,9,0,0,19,82.0,74,0
1342,10,8,0,0,18,95.0,73,0
1343,11,10,0,0,21,116.0,74,0
1344,10,10,0,0,20,98.0,74,0
1345,9,9,0,0,18,82.0,75,0
1346,9,8,1,1,19,71.0,75,0
1347,8,7,1,1,17,62.0,76,0
1348,8,7,1,1,17,54.0,75,0
1349,8,5,1,1,15,47.0,74,0
1350,8,4,1,2,15,50.0,75,0
1351,10,5,2,2,19,54.0,76,0
1352,8,3,3,3,17,55.0,75,0
1353,7,5,3,4,19,66.0,73,0
1354,7,3,4,4,18,71.0,74,0
1355,9,3,4,4,20,80.0,73,0
1356,8,3,4,4,19,84.0,73,0
1357,7,3,4,4,18,86.0,74,0
1358,7,3,4,4,18,89.0,73,0
1359,5,2,2,2,11,47.0,73,0
1360,6,4,1,1,12,34.0,72,0
1361,6,4,0,0,10,23.0,71,0
1362,9,4,0,0,13,34.0,68,0
1363,10,6,0,0,16,47.0,68,0
1364,10,7,0,0,17,62.0,67,0
1365,13,8,0,0,21,81.0,68,0
1366,12,9,0,0,21,100.0,68,0
1367,14,10,0,1,25,125.0,67,0
1368,15,12,0,1,28,153.0,68,0
1369,14,10,0,1,25,138.0,69,0
1370,13,10,0,1,24,124.0,68,0
1371,13,9,1,2,25,114.0,68,0
1372,12,9,1,2,24,104.0,69,0
1373,13,8,1,2,24,98.0,68,0
1374,11,8,1,2,22,90.0,70,0
1375,12,6,1,2,21,85.0,69,0
1376,11,5,1,2,19,81.0,71,0
1377,11,5,1,2,19,77.0,72,0
1378,12,5,1,2,20,84.0,70,0
1379,11,3,1,2,17,83.0,69,0
1380,10,4,1,2,17,85.0,69,0
1381,10,3,1,2,16,85.0,70,0
1382,9,3,1,2,15,86.0,70,0
1383,7,3,1,2,13,89.0,69,0
1384,9,3,0,0,12,44.0,68,0
1385,8,2,0,0,10,44.0,68,0
1386,8,2,0,0,10,54.0,67,0
1387,10,4,0,0,14,68.0,65,0
1388,12,4,0,0,16,84.0,68,0
1389,14,6,0,0,20,104.0,67,0
1390,15,8,0,0,23,127.0,66,0
1391,16,9,0,0,25,152.0,67,0
1392,16,10,0,0,26,178.0,68,0
1393,18,10,0,0,28,206.0,67,0
1394,18,10,0,0,28,187.0,70,0
1395,16,9,0,0,25,170.0,71,0
1396,16,9,0,0,25,155.0,71,0
1397,16,8,0,0,24,141.0,72,0
1398,15,8,0,0,23,127.0,73,0
1399,14,8,0,0,22,118.0,71,0
1400,12,7,0,0,19,107.0,71,0
1401,10,6,0,1,17,96.0,70,0
1402,11,7,2,2,22,110.0,69,0
1403,10,8,2,2,22,111.0,70,0
1404,9,7,2,2,20,100.0,71,0
1405,7,9,2,3,21,94.0,71,0
1406,6,8,3,3,20,91.0,71,0
1407,6,9,4,3,22,96.0,69,0
1408,4,9,4,4,21,99.0,69,0
1409,4,6,2,2,14,53.0,69,0
1410,4,6,0,0,10,38.0,68,0
1411,4,8,0,0,12,37.0,68,0
1412,4,7,0,0,11,35.0,69,0
1413,6,8,0,0,14,42.0,71,0
1414,7,8,1,0,16,51.0,70,0
1415,8,10,1,1,20,66.0,68,0
1416,10,13,1,1,25,91.0,67,0
1417,11,13,1,1,26,111.0,68,0
1418,12,14,1,1,28,133.0,67,0
1419,11,12,1,1,25,118.0,66,0
1420,11,11,1,1,24,106.0,67,0
1421,10,9,1,1,21,93.0,68,0
1422,10,9,1,1,21,84.0,69,0
1423,10,8,1,1,20,77.0,69,0
1424,11,8,1,1,21,81.0,71,0
1425,10,6,1,1,18,83.0,69,0
1426,10,6,1,2,19,81.0,69,0
1427,8,6,1,2,17,79.0,70,0
1428,9,6,2,2,19,87.0,69,0
1429,8,6,2,2,18,87.0,68,0
1430,7,6,2,2,17,85.0,69,0
1431,6,9,2,2,19,93.0,71,0
1432,5,7,2,2,16,97.0,70,0
1433,3,7,2,2,14,96.0,68,0
1434,1,8,2,2,13,96.0,67,0
1435,0,9,2,2,13,101.0,67,0
1436,0,9,2,2,13,112.0,66,0
1437,0,10,2,2,14,126.0,65,0
1438,0,9,2,2,13,136.0,63,0
1439,1,11,0,1,13,100.0,65,0
1440,1,12,0,0,13,88.0,64,0
1441,1,13,0,0,14,102.0,65,0
1442,2,15,0,0,17,119.0,64,0
1443,3,16,0,0,19,138.0,65,0
1444,5,16,0,0,21,159.0,64,0
1445,5,19,0,0,24,183.0,64,0
1446,6,19,0,0,25,208.0,64,0
1447,7,22,0,0,29,237.0,63,0
1448,9,23,0,0,32,269.0,66,0
1449,8,21,0,0,29,246.0,65,0
1450,7,20,0,0,27,226.0,70,0
1451,7,18,0,0,25,208.0,71,0
1452,7,17,0,0,24,192.0,70,0
1453,6,16,0,0,22,178.0,71,0
1454,6,15,0,0,21,164.0,69,0
1455,5,13,0,0,18,148.0,69,0
1456,6,12,0,0,18,135.0,66,0
1457,5,12,0,0,17,142.0,66,0
1458,6,10,0,0,16,130.0,66,0
1459,9,10,0,0,19,130.0,66,0
1460,9,9,0,0,18,123.0,66,0
1461,7,9,0,0,16,108.0,67,0
1462,8,8,1,0,17,115.0,67,0
1463,8,7,2,1,18,107.0,66,0
1464,8,6,2,2,18,100.0,64,0
1465,7,4,2,2,15,92.0,64,0
1466,7,3,2,2,14,71.0,63,0
1467,7,4,2,2,15,75.0,63,0
1468,8,5,2,2,17,82.0,62,0
1469,9,6,0,0,15,62.0,63,0
1470,10,8,0,0,18,69.0,64,0
1471,10,8,0,0,18,78.0,65,0
1472,12,9,0,0,21,99.0,65,0
1473,13,11,0,0,24,113.0,66,0
1474,15,13,0,0,28,133.0,66,0
1475,16,13,0,0,29,154.0,71,0
1476,16,14,0,0,30,176.0,71,0
1477,16,15,0,0,31,199.0,71,0
1478,18,16,0,0,34,233.0,72,0
1479,16,16,0,0,32,211.0,70,0
1480,15,14,0,0,29,189.0,71,0
1481,14,14,0,0,28,169.0,71,0
1482,12,13,1,0,26,148.0,69,0
1483,12,13,1,1,27,132.0,70,0
1484,12,11,1,1,25,119.0,70,0
1485,11,11,1,1,24,108.0,69,0
1486,13,12,1,1,27,123.0,70,0
1487,12,13,1,1,27,122.0,72,0
1488,12,14,2,2,30,128.0,71,0
1489,13,12,0,1,26,110.0,71,0
1490,12,11,0,0,23,98.0,71,0
1491,11,12,0,0,23,90.0,71,0
1492,9,12,0,0,21,92.0,71,0
1493,10,11,0,0,21,93.0,71,0
1494,9,11,0,0,20,87.0,71,0
1495,10,10,0,0,20,90.0,71,0
1496,9,11,0,0,20,96.0,69,0
1497,10,10,0,0,20,101.0,67,0
1498,12,10,0,0,22,110.0,68,0
1499,11,9,0,0,20,90.0,67,0
1500,9,9,0,0,18,76.0,69,0
1501,7,9,0,1,17,65.0,69,0
1502,8,9,1,1,19,59.0,69,0
1503,6,7,1,1,15,51.0,70,0
1504,7,7,1,1,16,48.0,71,0
1505,7,8,1,1,17,47.0,70,0
1506,5,7,1,1,14,43.0,72,0
1507,5,7,1,1,14,44.0,73,0
1508,5,9,1,1,16,52.0,73,0
1509,5,9,1,1,16,58.0,72,0
1510,6,9,1,1,17,66.0,71,0
1511,7,9,1,1,18,71.0,72,0
1512,7,9,1,1,18,71.0,73,0
1513,7,8,1,1,17,78.0,71,0
1514,7,7,0,0,14,54.0,71,0
1515,7,6,0,0,13,60.0,71,0
1516,9,6,0,0,15,67.0,70,0
1517,11,7,0,0,18,81.0,71,0
1518,11,7,0,0,18,97.0,71,0
1519,13,8,0,0,21,115.0,71,0
1520,14,9,0,0,23,137.0,69,0
1521,15,10,0,0,25,160.0,70,0
1522,16,13,0,0,29,188.0,71,0
1523,18,14,0,0,32,219.0,70,0
1524,18,14,0,0,32,203.0,71,0
1525,17,13,0,0,30,189.0,71,0
1526,16,12,0,0,28,176.0,72,0
1527,15,11,0,0,26,163.0,71,0
1528,15,10,0,0,25,153.0,71,0
1529,15,10,0,0,25,144.0,70,0
1530,13,10,0,0,23,143.0,69,0
1531,12,10,0,0,22,137.0,67,0
1532,12,12,0,0,24,132.0,65,0
1533,11,13,0,0,24,124.0,65,0
1534,10,13,0,0,23,116.0,65,0
1535,10,14,0,0,24,125.0,65,0
1536,10,11,0,0,21,111.0,65,0
1537,12,10,0,0,22,103.0,65,0
1538,11,9,0,0,20,90.0,64,0
1539,10,8,0,0,18,81.0,64,0
1540,10,7,0,0,17,81.0,63,0
1541,11,8,0,0,19,75.0,63,0
1542,11,9,0,0,20,91.0,63,0
1543,13,10,0,0,23,112.0,65,0
1544,12,9,0,0,21,100.0,65,0
1545,11,9,0,0,20,87.0,67,0
1546,11,7,0,0,18,79.0,66,0
1547,10,7,0,0,17,70.0,65,0
1548,11,5,0,0,16,61.0,64,0
1549,10,5,0,0,15,53.0,64,0
1550,10,5,0,0,15,49.0,65,0
1551,11,6,0,0,17,53.0,64,0
1552,11,7,0,0,18,58.0,64,0
1553,10,6,0,0,16,54.0,64,0
1554,9,5,0,0,14,50.0,64,0
1555,11,5,0,0,16,57.0,64,0
1556,10,5,0,0,15,56.0,65,0
1557,10,5,1,0,16,61.0,65,0
1558,9,4,1,1,15,61.0,67,0
1559,9,5,1,1,16,73.0,67,0
1560,8,5,1,1,15,76.0,67,0
1561,8,4,1,1,14,81.0,69,0
1562,8,5,1,1,15,94.0,68,0
1563,9,5,1,1,16,110.0,72,0
1564,10,7,0,0,17,114.0,73,0
1565,12,8,0,0,20,134.0,74,0
1566,12,9,0,0,21,155.0,76,0
1567,14,10,0,0,24,179.0,79,0
1568,14,11,0,0,25,203.0,81,0
1569,15,12,0,0,27,230.0,80,0
1570,17,14,0,0,31,261.0,80,0
1571,18,16,0,0,34,295.0,80,0
1572,20,16,0,0,36,331.0,81,0
1573,20,17,0,0,37,368.0,79,0
1574,19,16,2,0,37,341.0,81,0
1575,18,15,2,1,36,317.0,81,0
1576,18,14,4,2,38,300.0,81,0
1577,16,14,5,3,38,286.0,81,0
1578,15,14,6,4,39,274.0,81,0
1579,13,13,6,5,37,267.0,80,0
1580,12,12,8,6,38,263.0,83,0
1581,11,11,8,7,37,260.0,82,0
1582,10,11,8,8,37,263.0,82,0
1583,9,11,8,8,36,263.0,82,0
1584,8,10,6,6,30,218.0,82,0
1585,7,10,4,4,25,175.0,82,0
1586,8,9,2,2,21,150.0,82,0
1587,7,11,0,0,18,119.0,82,0
1588,7,11,0,0,18,106.0,81,0
1589,8,10,0,0,18,94.0,81,0
1590,8,9,0,0,17,96.0,80,0
1591,8,11,0,0,19,88.0,79,0
1592,8,11,0,0,19,89.0,78,0
1593,10,13,1,1,25,114.0,76,0
1594,8,11,1,1,21,98.0,75,0
1595,8,11,2,2,23,88.0,75,0
1596,7,9,4,4,24,83.0,76,0
1597,6,9,5,5,25,81.0,77,0
1598,5,9,5,5,24,81.0,76,0
1599,6,9,5,5,25,90.0,79,0
1600,5,7,5,5,22,94.0,79,0
1601,5,6,5,5,21,98.0,79,0
1602,5,7,5,5,22,104.0,78,0
1603,4,7,5,5,21,110.0,77,0
1604,4,7,3,3,17,80.0,74,0
1605,6,8,1,1,16,51.0,74,0
1606,6,8,0,0,14,37.0,74,0
1607,5,11,0,0,16,39.0,72,0
1608,6,11,0,0,17,49.0,72,0
1609,7,12,1,0,20,61.0,72,0
1610,7,11,1,1,20,75.0,71,0
1611,9,12,0,1,22,88.0,71,0
1612,9,14,0,0,23,110.0,71,0
1613,11,14,0,1,26,134.0,69,0
1614,11,13,1,1,26,119.0,69,0
1615,10,14,3,3,30,114.0,71,0
1616,9,11,2,3,25,104.0,71,0
1617,9,10,2,2,23,95.0,76,0
1618,8,10,2,2,22,90.0,75,0
1619,7,11,2,2,22,86.0,78,0
1620,7,11,3,2,23,84.0,78,0
1621,7,10,3,3,23,87.0,77,0
1622,5,11,3,3,22,91.0,77,0
1623,6,11,3,3,23,94.0,76,0
1624,6,13,3,3,25,106.0,75,0
1625,8,14,3,3,28,115.0,75,0
1626,7,13,3,3,26,126.0,75,0
1627,8,12,3,3,26,136.0,75,0
1628,7,14,3,4,28,154.0,74,0
1629,4,12,2,2,20,95.0,73,0
1630,5,11,1,1,18,71.0,72,0
1631,3,10,0,0,13,56.0,72,0
1632,4,8,0,0,12,46.0,72,0
1633,4,9,0,0,13,47.0,69,0
1634,4,11,0,0,15,51.0,70,0
1635,3,9,1,0,13,53.0,69,0
1636,6,12,1,2,21,66.0,72,0
1637,8,13,1,2,24,82.0,73,0
1638,9,14,0,2,25,103.0,73,0
1639,8,13,0,3,24,93.0,72,0
1640,8,12,1,2,23,82.0,73,0
1641,7,12,1,2,22,74.0,74,0
1642,5,11,2,2,20,69.0,75,0
1643,5,8,2,2,17,61.0,75,0
1644,6,8,2,2,18,58.0,77,0
1645,8,8,2,3,21,78.0,76,0
1646,7,6,2,3,18,83.0,76,0
1647,7,6,2,3,18,82.0,75,0
1648,7,3,3,3,16,80.0,77,0
1649,7,3,3,3,16,85.0,77,0
1650,8,4,3,4,19,95.0,77,0
1651,8,3,3,4,18,95.0,77,0
1652,6,3,3,4,16,97.0,77,0
1653,5,4,3,4,16,107.0,77,0
1654,5,5,1,2,13,54.0,78,0
1655,7,5,0,0,12,29.0,78,0
1656,9,5,0,0,14,30.0,77,0
1657,8,7,0,0,15,41.0,77,0
1658,9,7,0,0,16,54.0,77,0
1659,10,8,0,0,18,69.0,75,0
1660,12,10,0,0,22,88.0,76,0
1661,14,12,0,0,26,112.0,75,0
1662,15,12,0,0,27,137.0,73,0
1663,18,14,0,0,32,167.0,74,0
1664,14,13,0,1,28,152.0,74,0
1665,14,13,0,1,28,140.0,75,0
1666,13,13,0,1,27,129.0,76,0
1667,13,11,1,1,26,121.0,75,0
1668,12,11,1,2,26,121.0,75,0
1669,11,11,1,2,25,112.0,74,0
1670,12,11,1,2,26,105.0,74,0
1671,11,10,1,2,24,112.0,72,0
1672,11,9,1,2,23,103.0,70,0
1673,11,9,1,2,23,98.0,74,0
1674,10,8,1,2,21,94.0,73,0
1675,13,9,1,2,25,112.0,73,0
1676,12,7,1,2,22,107.0,73,0
1677,10,7,1,2,20,102.0,73,0
1678,9,8,1,2,20,98.0,72,0
1679,8,7,0,0,15,56.0,73,0
1680,7,6,0,0,13,47.0,73,0
1681,6,5,0,0,11,41.0,73,0
1682,7,5,0,0,12,31.0,71,0
1683,7,5,0,0,12,38.0,71,0
1684,8,6,0,0,14,52.0,70,0
1685,10,8,0,0,18,64.0,71,0
1686,12,9,0,0,21,81.0,69,0
1687,14,10,0,0,24,100.0,70,0
1688,12,12,0,0,24,117.0,69,0
1689,12,10,0,1,23,101.0,69,0
1690,10,9,0,1,20,86.0,69,0
1691,8,9,0,1,18,72.0,73,0
1692,10,9,0,1,20,66.0,73,0
1693,10,8,0,1,19,58.0,73,0
1694,8,7,0,1,16,50.0,72,0
1695,6,8,0,1,15,45.0,70,0
1696,4,6,0,1,11,38.0,69,0
1697,6,9,0,1,16,47.0,67,0
1698,5,11,0,1,17,52.0,67,0
1699,5,11,0,1,17,54.0,66,0
1700,6,10,0,1,17,59.0,66,0
1701,6,10,0,1,17,64.0,67,0
1702,4,11,0,1,16,67.0,67,0
1703,3,11,0,1,15,69.0,67,0
1704,3,8,0,0,11,45.0,65,0
1705,4,9,0,0,13,44.0,65,0
1706,5,6,0,0,11,42.0,65,0
1707,6,7,0,0,13,45.0,65,0
1708,7,6,0,0,13,49.0,65,0
1709,9,8,0,0,17,58.0,66,0
1710,9,10,0,0,19,70.0,68,0
1711,10,11,0,0,21,83.0,67,0
1712,13,11,0,0,24,102.0,67,0
1713,13,13,0,0,26,128.0,67,0
1714,13,13,0,0,26,116.0,67,0
1715,14,12,0,0,26,110.0,66,0
1716,11,12,0,0,23,98.0,67,0
1717,11,10,0,0,21,87.0,68,0
1718,10,9,0,0,19,75.0,69,0
1719,10,8,0,0,18,68.0,69,0
1720,9,7,0,0,16,59.0,69,0
1721,10,6,1,0,17,57.0,69,0
1722,9,4,1,0,14,47.0,69,0
1723,9,3,1,1,14,45.0,69,0
1724,12,4,1,1,18,54.0,68,0
1725,11,4,1,1,17,57.0,68,0
1726,11,4,1,1,17,54.0,67,0
1727,9,5,1,1,16,53.0,67,0
1728,10,6,1,1,18,60.0,67,0
1729,9,7,0,0,16,48.0,71,0
1730,9,7,0,0,16,51.0,71,0
1731,10,6,0,0,16,59.0,72,0
1732,9,8,0,0,17,66.0,71,0
1733,9,8,0,0,17,75.0,69,0
1734,12,10,0,0,22,93.0,69,0
1735,12,11,0,0,23,111.0,72,0
1736,13,11,0,0,24,133.0,73,0
1737,16,13,0,0,29,159.0,73,0
1738,13,14,0,0,27,182.0,72,0
1739,14,13,0,0,27,163.0,73,0
1740,13,12,0,0,25,145.0,73,0
1741,12,11,0,0,23,128.0,72,0
1742,13,10,2,1,26,119.0,70,0
1743,12,12,2,1,27,112.0,70,0
1744,11,10,2,2,25,107.0,71,0
1745,11,10,2,2,25,104.0,71,0
1746,11,8,2,2,23,98.0,72,0
1747,13,9,2,2,26,110.0,74,0
1748,11,10,3,3,27,112.0,75,0
1749,15,10,2,2,29,96.0,75,0
1750,13,10,0,0,23,89.0,75,0
1751,14,11,0,0,25,93.0,75,0
1752,15,12,0,0,27,114.0,75,0
1753,15,11,0,0,26,117.0,74,0
1754,14,11,0,0,25,122.0,73,0
1755,15,11,0,0,26,133.0,72,0
1756,15,11,0,0,26,150.0,72,0
1757,16,13,0,0,29,162.0,72,0
1758,17,14,0,0,31,187.0,71,0
1759,16,13,0,0,29,170.0,72,0
1760,16,13,0,0,29,156.0,72,0
1761,14,11,1,0,26,140.0,71,0
1762,14,11,1,0,26,130.0,73,0
1763,14,9,1,1,25,120.0,74,0
1764,13,9,1,1,24,112.0,74,0
1765,12,8,1,1,22,103.0,73,0
1766,12,9,1,1,23,103.0,74,0
1767,12,9,1,1,23,103.0,72,0
1768,11,7,1,1,20,92.0,70,0
1769,11,8,1,1,21,94.0,70,0
1770,10,8,1,1,20,88.0,69,0
1771,8,9,1,1,19,86.0,69,0
1772,6,9,1,1,17,79.0,69,0
1773,5,8,1,1,15,73.0,69,0
1774,4,8,1,1,14,72.0,67,0
1775,4,8,1,1,14,78.0,66,0
1776,4,7,1,1,13,75.0,65,0
1777,2,6,1,1,10,71.0,64,0
1778,2,8,2,1,13,81.0,63,0
1779,1,10,0,0,11,54.0,63,0
1780,1,10,0,0,11,63.0,64,0
1781,2,11,0,0,13,75.0,64,0
1782,2,11,0,0,13,88.0,63,0
1783,3,13,0,0,16,104.0,63,0
1784,6,15,0,0,21,125.0,68,0
1785,7,16,0,0,23,147.0,68,0
1786,8,17,0,0,25,171.0,68,0
1787,8,18,0,0,26,196.0,68,0
1788,9,20,0,0,29,225.0,68,0
1789,9,18,0,0,27,205.0,68,0
1790,9,18,0,0,27,190.0,69,0
1791,8,17,0,0,25,176.0,69,0
1792,7,16,0,0,23,161.0,69,0
1793,6,16,0,0,22,147.0,71,0
1794,7,16,0,0,23,143.0,69,0
1795,5,14,0,0,19,130.0,69,0
1796,6,13,0,0,19,119.0,67,0
1797,7,12,1,1,21,116.0,67,0
1798,7,14,2,2,25,130.0,68,0
1799,8,12,2,2,24,128.0,68,0
1800,8,9,2,2,21,121.0,68,0
